PublisherID,Gold_LineOfCoverageId,AssetId,CoverageTrigger,ClaimsMadeRetroDate,LimitAmount,LimitType,AggregateLimit,SublimitAmount,PerRiskLimit,DeductibleAmount,DeductibleType,Rate,ExposureBase,ExposureUnit,ManualPremium,TechnicalPremium,WrittenPremium,EarnedPremium,FullyEarnedFlag,DiscountAmount,SurchargeAmount,ValuationMethod,BlanketIndicator,PrimaryExcessIndicator,QuotaSharePercent,EndorsementIndicator,EndorsementEffectiveDate,OriginalEffectiveDate,UnderwriterNotes,RiskScore,LossHistoryIndicator,EffectiveFrom,EffectiveTo,ActiveFlag,FID_Coverage,FID_CoverageStatus,FID_Policy
POL_ADMIN,LOC000001,AST-POL000001-01,CLAIMS_MADE,"Jan 04, 2023",450000.00,COMBINED_SINGLE_LIMIT,675000.00,45000.00,450000.00,0.00,FLAT,0.0045,250000.00,SALES,1125.00,1068.75,1012.50,556.88,FALSE,56.25,0.00,STATED_AMOUNT,FALSE,PRIMARY,100.00,TRUE,"Feb 18, 2024","Jan 04, 2024","Generated from ACTIVE policy status, Commercial Auto Liability Core Liability Coverage selected for sample policy coverage.",25,FALSE,"Jan 04, 2024","Jan 03, 2025",TRUE,COV001,ACTIVE,POL000001
POL_ADMIN,LOC000002,AST-POL000002-01,OCCURRENCE,,1000000.00,COMBINED_SINGLE_LIMIT,1500000.00,150000.00,1000000.00,0.00,FLAT,0.0052,323591.00,SALES,1682.67,1655.75,1571.62,990.12,FALSE,84.13,0.00,STATED_AMOUNT,FALSE,PRIMARY,100.00,TRUE,"Feb 22, 2024","Jan 07, 2024","Generated from ACTIVE policy status, Commercial Auto Liability Core Liability Coverage selected for sample policy coverage.",42,FALSE,"Jan 07, 2024","Jan 06, 2025",TRUE,COV003,ENDORSED,POL000002
POL_ADMIN,LOC000003,AST-POL000002-02,OCCURRENCE,,275000.00,PER_OCCURRENCE,550000.00,55000.00,275000.00,500.00,FLAT,470.0000,5.00,VEHICLE,2350.00,2364.10,2246.60,1595.09,FALSE,117.50,0.00,ACTUAL_CASH_VALUE,FALSE,EXCESS,50.00,FALSE,,"Jan 07, 2024","Generated from ACTIVE policy status, Commercial Auto Liability Vehicle Damage Coverage selected for sample policy coverage.",53,FALSE,"Jan 07, 2024","Jan 06, 2025",TRUE,COV004,ACTIVE,POL000002
POL_ADMIN,LOC000004,AST-POL000003-01,OCCURRENCE,,550000.00,COMBINED_SINGLE_LIMIT,825000.00,110000.00,550000.00,0.00,FLAT,0.0059,397182.00,SALES,2343.37,2385.55,2268.39,1610.55,FALSE,117.17,0.00,STATED_AMOUNT,FALSE,PRIMARY,100.00,FALSE,,"Jan 10, 2024","Generated from ISSUED policy status, Commercial Auto Physical Damage Core Liability Coverage selected for sample policy coverage.",59,FALSE,"Jan 10, 2024","Jan 09, 2025",TRUE,COV005,ACTIVE,POL000003
POL_ADMIN,LOC000005,AST-POL000003-02,OCCURRENCE,,120000.00,PER_OCCURRENCE,240000.00,12000.00,120000.00,1000.00,FLAT,525.0000,8.00,VEHICLE,4200.00,4368.00,4158.00,3284.82,FALSE,210.00,0.00,ACTUAL_CASH_VALUE,FALSE,EXCESS,50.00,FALSE,,"Jan 10, 2024","Generated from ISSUED policy status, Commercial Auto Physical Damage Vehicle Damage Coverage selected for sample policy coverage.",70,FALSE,"Jan 10, 2024","Jan 09, 2025",TRUE,COV006,ACTIVE,POL000003
POL_ADMIN,LOC000006,AST-POL000003-03,CLAIMS_MADE,"Jan 10, 2023",1300000.00,COMBINED_SINGLE_LIMIT,1950000.00,195000.00,1300000.00,0.00,FLAT,0.0073,447182.00,SALES,3264.43,3466.82,3564.76,1960.62,FALSE,163.22,261.15,STATED_AMOUNT,FALSE,UMBRELLA,25.00,FALSE,,"Jan 10, 2024","Generated from ISSUED policy status, Commercial Auto Physical Damage Core Liability Coverage selected for sample policy coverage.",81,TRUE,"Jan 10, 2024","Jan 09, 2025",TRUE,COV007,ACTIVE,POL000003
POL_ADMIN,LOC000007,AST-POL000004-01,OCCURRENCE,,1200000.00,COMBINED_SINGLE_LIMIT,1800000.00,120000.00,1200000.00,0.00,FLAT,0.0066,470773.00,SALES,3107.10,3268.67,3470.63,520.59,FALSE,46.61,248.57,STATED_AMOUNT,FALSE,PRIMARY,100.00,FALSE,,"Jan 13, 2024","Generated from BOUND policy status, Commercial Auto Physical Damage Core Liability Coverage selected for sample policy coverage.",76,TRUE,"Jan 13, 2024","Jan 12, 2025",TRUE,COV007,BOUND,POL000004
POL_ADMIN,LOC000008,AST-POL000005-01,CLAIMS_MADE,"Jan 16, 2023",650000.00,COMBINED_SINGLE_LIMIT,975000.00,97500.00,650000.00,0.00,FLAT,0.0073,544364.00,SALES,3973.86,4315.61,4434.82,2439.15,FALSE,198.69,317.91,STATED_AMOUNT,FALSE,PRIMARY,100.00,FALSE,,"Jan 16, 2024","Generated from REINSTATED policy status, Fleet Liability Core Liability Coverage selected for sample policy coverage.",93,TRUE,"Jan 16, 2024","Jan 15, 2025",TRUE,COV009,REINSTATED,POL000005
POL_ADMIN,LOC000009,AST-POL000005-02,OCCURRENCE,,90000.00,PER_OCCURRENCE,180000.00,18000.00,90000.00,1000.00,FLAT,635.0000,14.00,VEHICLE,8890.00,8552.18,8107.68,5107.84,FALSE,444.50,0.00,ACTUAL_CASH_VALUE,FALSE,EXCESS,50.00,FALSE,,"Jan 16, 2024","Generated from REINSTATED policy status, Fleet Liability Vehicle Damage Coverage selected for sample policy coverage.",31,FALSE,"Jan 16, 2024","Jan 15, 2025",TRUE,COV010,ACTIVE,POL000005
POL_ADMIN,LOC000010,AST-POL000006-01,OCCURRENCE,,900000.00,COMBINED_SINGLE_LIMIT,1350000.00,180000.00,900000.00,0.00,FLAT,0.0080,617955.00,SALES,4943.64,4815.11,4567.92,228.40,FALSE,247.18,0.00,STATED_AMOUNT,FALSE,PRIMARY,100.00,FALSE,,"Jan 19, 2024","Generated from APPLICATION policy status, Fleet Liability Core Liability Coverage selected for sample policy coverage.",37,FALSE,"Jan 19, 2024","Jan 18, 2025",TRUE,COV011,UW_REVIEW,POL000006
POL_ADMIN,LOC000011,AST-POL000006-02,OCCURRENCE,,250000.00,PER_OCCURRENCE,500000.00,25000.00,250000.00,500.00,FLAT,690.0000,17.00,VEHICLE,11730.00,11683.08,11096.58,0.00,FALSE,586.50,0.00,ACTUAL_CASH_VALUE,FALSE,EXCESS,50.00,FALSE,,"Jan 19, 2024","Generated from APPLICATION policy status, Fleet Liability Vehicle Damage Coverage selected for sample policy coverage.",48,FALSE,"Jan 19, 2024","Jan 18, 2025",TRUE,COV012,REQUESTED,POL000006
POL_ADMIN,LOC000012,AST-POL000006-03,OCCURRENCE,,550000.00,COMBINED_SINGLE_LIMIT,825000.00,82500.00,550000.00,0.00,FLAT,0.0045,667955.00,SALES,3005.80,3059.90,2909.61,145.48,FALSE,150.29,0.00,STATED_AMOUNT,FALSE,UMBRELLA,25.00,FALSE,,"Jan 19, 2024","Generated from APPLICATION policy status, Fleet Physical Damage Core Liability Coverage selected for sample policy coverage.",59,FALSE,"Jan 19, 2024","Jan 18, 2025",TRUE,COV013,UW_REVIEW,POL000006
POL_ADMIN,LOC000013,AST-POL000007-01,OCCURRENCE,,500000.00,COMBINED_SINGLE_LIMIT,750000.00,50000.00,500000.00,0.00,FLAT,0.0087,691546.00,SALES,6016.45,6064.58,5763.76,5763.76,TRUE,300.82,0.00,STATED_AMOUNT,FALSE,PRIMARY,100.00,FALSE,,"Jan 22, 2024","Generated from CANCELLED policy status, Fleet Physical Damage Core Liability Coverage selected for sample policy coverage.",54,FALSE,"Jan 22, 2024","Mar 29, 2024",FALSE,COV013,CANCELLED,POL000007
POL_ADMIN,LOC000014,AST-POL000008-01,OCCURRENCE,,1100000.00,COMBINED_SINGLE_LIMIT,1650000.00,165000.00,1100000.00,0.00,FLAT,0.0045,765137.00,SALES,3443.12,3587.73,3536.08,2793.50,FALSE,51.65,0.00,STATED_AMOUNT,FALSE,PRIMARY,100.00,TRUE,"Mar 17, 2024","Jan 25, 2024","Generated from ACTIVE policy status, Fleet Physical Damage Core Liability Coverage selected for sample policy coverage.",71,FALSE,"Jan 25, 2024","Jan 24, 2025",TRUE,COV015,ENDORSED,POL000008
POL_ADMIN,LOC000015,AST-POL000008-02,OCCURRENCE,,300000.00,PER_OCCURRENCE,600000.00,60000.00,300000.00,500.00,FLAT,360.0000,23.00,VEHICLE,8280.00,8809.92,9348.12,5141.47,FALSE,124.20,662.40,ACTUAL_CASH_VALUE,FALSE,EXCESS,50.00,FALSE,,"Jan 25, 2024","Generated from ACTIVE policy status, Fleet Physical Damage Vehicle Damage Coverage selected for sample policy coverage.",82,TRUE,"Jan 25, 2024","Jan 24, 2025",TRUE,COV016,ACTIVE,POL000008
POL_ADMIN,LOC000016,AST-POL000009-01,CLAIMS_MADE,"Jan 28, 2023",600000.00,COMBINED_SINGLE_LIMIT,900000.00,120000.00,600000.00,0.00,FLAT,0.0052,838728.00,SALES,4361.39,4692.85,4823.69,2653.03,FALSE,218.07,348.91,STATED_AMOUNT,FALSE,PRIMARY,100.00,FALSE,,"Jan 28, 2024","Generated from ACTIVE policy status, Hired and Non-Owned Liability Core Liability Coverage selected for sample policy coverage.",88,TRUE,"Jan 28, 2024","Jan 27, 2025",TRUE,COV017,ACTIVE,POL000009
POL_ADMIN,LOC000017,AST-POL000009-02,OCCURRENCE,,130000.00,PER_OCCURRENCE,260000.00,13000.00,130000.00,1000.00,FLAT,415.0000,26.00,VEHICLE,10790.00,10272.08,9732.58,6131.53,FALSE,539.50,0.00,ACTUAL_CASH_VALUE,FALSE,EXCESS,50.00,TRUE,"Mar 22, 2024","Jan 28, 2024","Generated from ACTIVE policy status, Hired and Non-Owned Liability Vehicle Damage Coverage selected for sample policy coverage.",26,FALSE,"Jan 28, 2024","Jan 27, 2025",TRUE,COV018,ENDORSED,POL000009
POL_ADMIN,LOC000018,AST-POL000009-03,OCCURRENCE,,900000.00,COMBINED_SINGLE_LIMIT,1350000.00,135000.00,900000.00,0.00,FLAT,0.0066,888728.00,SALES,5865.60,5713.10,5419.82,3848.07,FALSE,293.28,0.00,STATED_AMOUNT,FALSE,UMBRELLA,25.00,FALSE,,"Jan 28, 2024","Generated from ACTIVE policy status, Hired and Non-Owned Liability Core Liability Coverage selected for sample policy coverage.",37,FALSE,"Jan 28, 2024","Jan 27, 2025",TRUE,COV019,ACTIVE,POL000009
POL_ADMIN,LOC000019,AST-POL000010-01,OCCURRENCE,,1300000.00,COMBINED_SINGLE_LIMIT,1950000.00,130000.00,1300000.00,0.00,FLAT,0.0059,912319.00,SALES,5382.68,5188.91,4919.77,3099.46,FALSE,269.13,0.00,STATED_AMOUNT,FALSE,PRIMARY,100.00,TRUE,"Mar 25, 2024","Jan 31, 2024","Generated from ACTIVE policy status, Hired and Non-Owned Liability Core Liability Coverage selected for sample policy coverage.",32,FALSE,"Jan 31, 2024","Jan 30, 2025",TRUE,COV019,ENDORSED,POL000010
POL_ADMIN,LOC000020,AST-POL000011-01,OCCURRENCE,,450000.00,COMBINED_SINGLE_LIMIT,675000.00,67500.00,450000.00,0.00,FLAT,0.0066,985910.00,SALES,6507.01,6493.99,6396.39,4541.43,FALSE,97.61,0.00,STATED_AMOUNT,FALSE,PRIMARY,100.00,FALSE,,"Feb 03, 2024","Generated from ISSUED policy status, Hired and Non-Owned Excess Liability Core Liability Coverage selected for sample policy coverage.",49,FALSE,"Feb 03, 2024","Feb 02, 2025",TRUE,COV021,ACTIVE,POL000011
POL_ADMIN,LOC000021,AST-POL000011-02,OCCURRENCE,,100000.00,PER_OCCURRENCE,200000.00,20000.00,100000.00,1000.00,FLAT,525.0000,2.00,VEHICLE,1050.00,1071.00,1055.25,833.65,FALSE,15.75,0.00,ACTUAL_CASH_VALUE,FALSE,EXCESS,50.00,TRUE,"Mar 30, 2024","Feb 03, 2024","Generated from ISSUED policy status, Hired and Non-Owned Excess Liability Vehicle Damage Coverage selected for sample policy coverage.",60,FALSE,"Feb 03, 2024","Feb 02, 2025",TRUE,COV022,ACTIVE,POL000011
POL_ADMIN,LOC000022,AST-POL000012-01,OCCURRENCE,,1000000.00,COMBINED_SINGLE_LIMIT,1500000.00,200000.00,1000000.00,0.00,FLAT,0.0073,1059501.00,SALES,7734.36,7981.86,7865.84,1179.88,FALSE,116.02,0.00,STATED_AMOUNT,FALSE,PRIMARY,100.00,TRUE,"Apr 02, 2024","Feb 06, 2024","Generated from BOUND policy status, Hired and Non-Owned Excess Liability Core Liability Coverage selected for sample policy coverage.",66,FALSE,"Feb 06, 2024","Feb 05, 2025",TRUE,COV023,BOUND,POL000012
POL_ADMIN,LOC000023,AST-POL000012-02,OCCURRENCE,,275000.00,PER_OCCURRENCE,550000.00,27500.00,275000.00,500.00,FLAT,580.0000,5.00,VEHICLE,2900.00,3056.60,3245.10,486.77,FALSE,43.50,232.00,ACTUAL_CASH_VALUE,FALSE,EXCESS,50.00,FALSE,,"Feb 06, 2024","Generated from BOUND policy status, Hired and Non-Owned Excess Liability Vehicle Damage Coverage selected for sample policy coverage.",77,TRUE,"Feb 06, 2024","Feb 05, 2025",TRUE,COV024,BOUND,POL000012
POL_ADMIN,LOC000024,AST-POL000012-03,OCCURRENCE,,600000.00,COMBINED_SINGLE_LIMIT,900000.00,90000.00,600000.00,0.00,FLAT,0.0087,1109501.00,SALES,9652.66,10386.26,11013.68,1652.05,FALSE,144.79,772.21,STATED_AMOUNT,FALSE,UMBRELLA,25.00,FALSE,,"Feb 06, 2024","Generated from BOUND policy status, Trucking Liability Core Liability Coverage selected for sample policy coverage.",88,TRUE,"Feb 06, 2024","Feb 05, 2025",TRUE,COV025,BOUND,POL000012
POL_ADMIN,LOC000025,AST-POL000013-01,CLAIMS_MADE,"Feb 09, 2023",550000.00,COMBINED_SINGLE_LIMIT,825000.00,55000.00,550000.00,0.00,FLAT,0.0080,1133092.00,SALES,9064.74,9663.01,10252.22,5638.72,FALSE,135.97,725.18,STATED_AMOUNT,FALSE,PRIMARY,100.00,FALSE,,"Feb 09, 2024","Generated from REINSTATED policy status, Trucking Liability Core Liability Coverage selected for sample policy coverage.",83,TRUE,"Feb 09, 2024","Feb 08, 2025",TRUE,COV025,REINSTATED,POL000013
POL_ADMIN,LOC000026,AST-POL000014-01,OCCURRENCE,,1200000.00,COMBINED_SINGLE_LIMIT,1800000.00,180000.00,1200000.00,0.00,FLAT,0.0087,1206683.00,SALES,10498.14,10015.23,9490.32,474.52,FALSE,524.91,0.00,STATED_AMOUNT,FALSE,PRIMARY,100.00,FALSE,,"Feb 12, 2024","Generated from APPLICATION policy status, Trucking Liability Core Liability Coverage selected for sample policy coverage.",27,FALSE,"Feb 12, 2024","Feb 11, 2025",TRUE,COV027,UW_REVIEW,POL000014
POL_ADMIN,LOC000027,AST-POL000014-02,OCCURRENCE,,325000.00,PER_OCCURRENCE,650000.00,65000.00,325000.00,500.00,FLAT,690.0000,11.00,VEHICLE,7590.00,7407.84,7028.34,0.00,FALSE,379.50,0.00,ACTUAL_CASH_VALUE,FALSE,EXCESS,50.00,FALSE,,"Feb 12, 2024","Generated from APPLICATION policy status, Trucking Liability Vehicle Damage Coverage selected for sample policy coverage.",38,FALSE,"Feb 12, 2024","Feb 11, 2025",TRUE,COV028,REQUESTED,POL000014
POL_ADMIN,LOC000028,AST-POL000015-01,OCCURRENCE,,650000.00,COMBINED_SINGLE_LIMIT,975000.00,130000.00,650000.00,0.00,FLAT,0.0045,1280274.00,SALES,5761.23,5692.10,5605.68,5605.68,TRUE,86.42,0.00,STATED_AMOUNT,FALSE,PRIMARY,100.00,FALSE,,"Feb 15, 2024","Generated from CANCELLED policy status, Truckers Cargo Coverage Core Liability Coverage selected for sample policy coverage.",44,FALSE,"Feb 15, 2024","Apr 30, 2024",FALSE,COV029,CANCELLED,POL000015
POL_ADMIN,LOC000029,AST-POL000015-02,OCCURRENCE,,90000.00,PER_OCCURRENCE,180000.00,9000.00,90000.00,1000.00,FLAT,745.0000,14.00,VEHICLE,10430.00,10534.30,10377.85,10377.85,TRUE,156.45,0.00,ACTUAL_CASH_VALUE,FALSE,EXCESS,50.00,FALSE,,"Feb 15, 2024","Generated from CANCELLED policy status, Truckers Cargo Coverage Vehicle Damage Coverage selected for sample policy coverage.",55,FALSE,"Feb 15, 2024","Apr 30, 2024",FALSE,COV030,CANCELLED,POL000015
POL_ADMIN,LOC000030,AST-POL000015-03,CLAIMS_MADE,"Feb 15, 2023",1000000.00,COMBINED_SINGLE_LIMIT,1500000.00,150000.00,1000000.00,0.00,FLAT,0.0059,1330274.00,SALES,7848.62,8099.77,7982.04,7982.04,TRUE,117.73,0.00,STATED_AMOUNT,FALSE,UMBRELLA,25.00,FALSE,,"Feb 15, 2024","Generated from CANCELLED policy status, Truckers Cargo Coverage Core Liability Coverage selected for sample policy coverage.",66,FALSE,"Feb 15, 2024","Apr 30, 2024",FALSE,COV031,CANCELLED,POL000015
POL_ADMIN,LOC000031,AST-POL000016-01,OCCURRENCE,,900000.00,COMBINED_SINGLE_LIMIT,1350000.00,90000.00,900000.00,0.00,FLAT,0.0052,1353865.00,SALES,7040.10,7194.98,7089.38,5600.61,FALSE,105.60,0.00,STATED_AMOUNT,FALSE,PRIMARY,100.00,TRUE,"Apr 18, 2024","Feb 18, 2024","Generated from ACTIVE policy status, Truckers Cargo Coverage Core Liability Coverage selected for sample policy coverage.",61,FALSE,"Feb 18, 2024","Feb 17, 2025",TRUE,COV031,ENDORSED,POL000016
POL_ADMIN,LOC000032,AST-POL000017-01,OCCURRENCE,,500000.00,PER_OCCURRENCE,1000000.00,75000.00,250000.00,2500.00,FLAT,0.0056,500000.00,INSURED_VALUE,2800.00,2956.80,3138.80,1726.34,FALSE,42.00,224.00,AGREED_VALUE,TRUE,PRIMARY,100.00,FALSE,,"Feb 21, 2024","Generated from ACTIVE policy status, Building Basic Perils Covered Property Coverage selected for sample policy coverage.",78,TRUE,"Feb 21, 2024","Feb 20, 2025",TRUE,COV033,ACTIVE,POL000017
POL_ADMIN,LOC000033,AST-POL000017-02,OCCURRENCE,,110000.00,AGGREGATE,110000.00,22000.00,110000.00,0.00,FRANCHISE,0.0035,738808.00,GROSS_EARNINGS,2585.83,2787.52,2955.60,1862.03,FALSE,38.79,206.87,ACTUAL_CASH_VALUE,FALSE,EXCESS,50.00,TRUE,"Apr 23, 2024","Feb 21, 2024","Generated from ACTIVE policy status, Building Basic Perils Income Protection Coverage selected for sample policy coverage.",89,TRUE,"Feb 21, 2024","Feb 20, 2025",TRUE,COV034,ENDORSED,POL000017
POL_ADMIN,LOC000034,AST-POL000018-01,OCCURRENCE,,1100000.00,PER_OCCURRENCE,2200000.00,220000.00,550000.00,1000.00,FLAT,0.0062,1100000.00,INSURED_VALUE,6820.00,7433.80,7638.40,4812.19,FALSE,341.00,545.60,REPLACEMENT_COST,TRUE,PRIMARY,100.00,TRUE,"Apr 26, 2024","Feb 24, 2024","Generated from ACTIVE policy status, Building Basic Perils Covered Property Coverage selected for sample policy coverage.",95,TRUE,"Feb 24, 2024","Feb 23, 2025",TRUE,COV035,ENDORSED,POL000018
POL_ADMIN,LOC000035,AST-POL000018-02,OCCURRENCE,,300000.00,AGGREGATE,300000.00,30000.00,300000.00,0.00,FRANCHISE,0.0040,780921.00,GROSS_EARNINGS,3123.68,3017.48,2861.29,2031.52,FALSE,156.18,0.00,REPLACEMENT_COST,FALSE,EXCESS,50.00,FALSE,,"Feb 24, 2024","Generated from ACTIVE policy status, Building Basic Perils Income Protection Coverage selected for sample policy coverage.",33,FALSE,"Feb 24, 2024","Feb 23, 2025",TRUE,COV036,ACTIVE,POL000018
POL_ADMIN,LOC000036,AST-POL000018-03,OCCURRENCE,,650000.00,PER_OCCURRENCE,1300000.00,97500.00,325000.00,2500.00,FLAT,0.0038,650000.00,INSURED_VALUE,2470.00,2440.36,2316.86,1830.32,FALSE,123.50,0.00,REPLACEMENT_COST,FALSE,UMBRELLA,25.00,TRUE,"Apr 28, 2024","Feb 24, 2024","Generated from ACTIVE policy status, Building Special Perils Covered Property Coverage selected for sample policy coverage.",44,FALSE,"Feb 24, 2024","Feb 23, 2025",TRUE,COV037,ENDORSED,POL000018
POL_ADMIN,LOC000037,AST-POL000019-01,OCCURRENCE,,600000.00,PER_OCCURRENCE,1200000.00,60000.00,300000.00,2500.00,FLAT,0.0032,600000.00,INSURED_VALUE,1920.00,1877.76,1848.96,1312.76,FALSE,28.80,0.00,REPLACEMENT_COST,TRUE,PRIMARY,100.00,FALSE,,"Feb 27, 2024","Generated from ISSUED policy status, Building Special Perils Covered Property Coverage selected for sample policy coverage.",39,FALSE,"Feb 27, 2024","Feb 26, 2025",TRUE,COV037,ACTIVE,POL000019
POL_ADMIN,LOC000038,AST-POL000020-01,OCCURRENCE,,1300000.00,PER_OCCURRENCE,2600000.00,195000.00,650000.00,1000.00,FLAT,0.0038,1300000.00,INSURED_VALUE,4940.00,4999.28,4925.18,738.78,FALSE,74.10,0.00,REPLACEMENT_COST,TRUE,PRIMARY,100.00,FALSE,,"Mar 01, 2024","Generated from BOUND policy status, Building Special Perils Covered Property Coverage selected for sample policy coverage.",56,FALSE,"Mar 01, 2024","Feb 28, 2025",TRUE,COV039,BOUND,POL000020
POL_ADMIN,LOC000039,AST-POL000020-02,DISCOVERY,,225000.00,AGGREGATE,225000.00,45000.00,225000.00,0.00,FRANCHISE,0.0025,865147.00,GROSS_EARNINGS,2162.87,2236.40,2203.96,330.59,FALSE,32.44,0.00,STATED_AMOUNT,FALSE,EXCESS,50.00,FALSE,,"Mar 01, 2024","Generated from BOUND policy status, Building Special Perils Income Protection Coverage selected for sample policy coverage.",67,FALSE,"Mar 01, 2024","Feb 28, 2025",TRUE,COV040,BOUND,POL000020
POL_ADMIN,LOC000040,AST-POL000021-01,OCCURRENCE,,450000.00,PER_OCCURRENCE,900000.00,90000.00,225000.00,2500.00,FLAT,0.0044,450000.00,INSURED_VALUE,1980.00,2071.08,2041.38,1122.76,FALSE,29.70,0.00,AGREED_VALUE,TRUE,PRIMARY,100.00,FALSE,,"Mar 04, 2024","Generated from REINSTATED policy status, Business Contents Coverage Covered Property Coverage selected for sample policy coverage.",73,TRUE,"Mar 04, 2024","Mar 03, 2025",TRUE,COV041,REINSTATED,POL000021
POL_ADMIN,LOC000041,AST-POL000021-02,OCCURRENCE,,100000.00,AGGREGATE,100000.00,10000.00,100000.00,0.00,FRANCHISE,0.0030,907260.00,GROSS_EARNINGS,2721.78,2906.86,3083.78,1942.78,FALSE,40.83,217.74,ACTUAL_CASH_VALUE,FALSE,EXCESS,50.00,FALSE,,"Mar 04, 2024","Generated from REINSTATED policy status, Business Contents Coverage Income Protection Coverage selected for sample policy coverage.",84,TRUE,"Mar 04, 2024","Mar 03, 2025",TRUE,COV042,ACTIVE,POL000021
POL_ADMIN,LOC000042,AST-POL000021-03,OCCURRENCE,,1100000.00,PER_OCCURRENCE,2200000.00,165000.00,550000.00,1000.00,FLAT,0.0056,1100000.00,INSURED_VALUE,6160.00,6714.40,7114.80,5051.51,FALSE,92.40,492.80,AGREED_VALUE,FALSE,UMBRELLA,25.00,TRUE,"May 10, 2024","Mar 04, 2024","Generated from REINSTATED policy status, Business Contents Coverage Covered Property Coverage selected for sample policy coverage.",95,TRUE,"Mar 04, 2024","Mar 03, 2025",TRUE,COV043,REINSTATED,POL000021
POL_ADMIN,LOC000043,AST-POL000022-01,OCCURRENCE,,1000000.00,PER_OCCURRENCE,2000000.00,100000.00,500000.00,1000.00,FLAT,0.0050,1000000.00,INSURED_VALUE,5000.00,5400.00,5550.00,277.50,FALSE,250.00,400.00,REPLACEMENT_COST,TRUE,PRIMARY,100.00,FALSE,,"Mar 07, 2024","Generated from APPLICATION policy status, Business Contents Coverage Covered Property Coverage selected for sample policy coverage.",90,TRUE,"Mar 07, 2024","Mar 06, 2025",TRUE,COV043,UW_REVIEW,POL000022
POL_ADMIN,LOC000044,AST-POL000023-01,OCCURRENCE,,550000.00,PER_OCCURRENCE,1100000.00,82500.00,275000.00,2500.00,FLAT,0.0056,550000.00,INSURED_VALUE,3080.00,2981.44,2827.44,2827.44,TRUE,154.00,0.00,REPLACEMENT_COST,TRUE,PRIMARY,100.00,TRUE,"May 16, 2024","Mar 10, 2024","Generated from CANCELLED policy status, Business Equipment Coverage Covered Property Coverage selected for sample policy coverage.",34,FALSE,"Mar 10, 2024","Jun 01, 2024",FALSE,COV045,CANCELLED,POL000023
POL_ADMIN,LOC000045,AST-POL000023-02,OCCURRENCE,,120000.00,AGGREGATE,120000.00,24000.00,120000.00,0.00,FRANCHISE,0.0040,991486.00,GROSS_EARNINGS,3965.94,3926.28,3727.99,3727.99,TRUE,198.30,0.00,AGREED_VALUE,FALSE,EXCESS,50.00,FALSE,,"Mar 10, 2024","Generated from CANCELLED policy status, Business Equipment Coverage Income Protection Coverage selected for sample policy coverage.",45,FALSE,"Mar 10, 2024","Jun 01, 2024",FALSE,COV046,CANCELLED,POL000023
POL_ADMIN,LOC000046,AST-POL000024-01,OCCURRENCE,,1200000.00,PER_OCCURRENCE,2400000.00,240000.00,600000.00,1000.00,FLAT,0.0062,1200000.00,INSURED_VALUE,7440.00,7454.88,7343.28,7343.28,TRUE,111.60,0.00,REPLACEMENT_COST,TRUE,PRIMARY,100.00,FALSE,,"Mar 13, 2024","Generated from NON_RENEWED policy status, Business Equipment Coverage Covered Property Coverage selected for sample policy coverage.",51,FALSE,"Mar 13, 2024","Jun 05, 2024",FALSE,COV047,NON_RENEWED,POL000024
POL_ADMIN,LOC000047,AST-POL000024-02,OCCURRENCE,,325000.00,AGGREGATE,325000.00,32500.00,325000.00,0.00,FRANCHISE,0.0045,83599.00,GROSS_EARNINGS,376.20,385.22,379.58,379.58,TRUE,5.64,0.00,STATED_AMOUNT,FALSE,EXCESS,50.00,FALSE,,"Mar 13, 2024","Generated from NON_RENEWED policy status, Business Equipment Coverage Income Protection Coverage selected for sample policy coverage.",62,FALSE,"Mar 13, 2024","Jun 05, 2024",FALSE,COV048,NON_RENEWED,POL000024
POL_ADMIN,LOC000048,AST-POL000024-03,OCCURRENCE,,450000.00,PER_OCCURRENCE,900000.00,67500.00,225000.00,2500.00,FLAT,0.0038,450000.00,INSURED_VALUE,1710.00,1788.66,1763.01,1763.01,TRUE,25.65,0.00,REPLACEMENT_COST,FALSE,UMBRELLA,25.00,FALSE,,"Mar 13, 2024","Generated from NON_RENEWED policy status, Business Income Coverage Covered Property Coverage selected for sample policy coverage.",73,TRUE,"Mar 13, 2024","Jun 05, 2024",FALSE,COV049,NON_RENEWED,POL000024
POL_ADMIN,LOC000049,AST-POL000025-01,OCCURRENCE,,650000.00,PER_OCCURRENCE,1300000.00,65000.00,325000.00,2500.00,FLAT,0.0032,650000.00,INSURED_VALUE,2080.00,2154.88,2050.88,1127.98,FALSE,104.00,0.00,AGREED_VALUE,TRUE,PRIMARY,100.00,FALSE,,"Mar 16, 2024","Generated from ACTIVE policy status, Business Income Coverage Covered Property Coverage selected for sample policy coverage.",68,FALSE,"Mar 16, 2024","Mar 15, 2025",TRUE,COV049,ACTIVE,POL000025
POL_ADMIN,LOC000050,AST-POL000026-01,OCCURRENCE,,900000.00,PER_OCCURRENCE,1800000.00,135000.00,450000.00,1000.00,FLAT,0.0038,900000.00,INSURED_VALUE,3420.00,3659.40,3762.00,2370.06,FALSE,171.00,273.60,REPLACEMENT_COST,TRUE,PRIMARY,100.00,TRUE,"May 28, 2024","Mar 19, 2024","Generated from ACTIVE policy status, Business Income Coverage Covered Property Coverage selected for sample policy coverage.",85,TRUE,"Mar 19, 2024","Mar 18, 2025",TRUE,COV051,ENDORSED,POL000026
POL_ADMIN,LOC000051,AST-POL000026-02,OCCURRENCE,,250000.00,AGGREGATE,250000.00,50000.00,250000.00,0.00,FRANCHISE,0.0030,167825.00,GROSS_EARNINGS,503.48,549.79,564.90,401.08,FALSE,25.17,40.28,REPLACEMENT_COST,FALSE,EXCESS,50.00,FALSE,,"Mar 19, 2024","Generated from ACTIVE policy status, Business Income Coverage Income Protection Coverage selected for sample policy coverage.",96,TRUE,"Mar 19, 2024","Mar 18, 2025",TRUE,COV052,ACTIVE,POL000026
POL_ADMIN,LOC000052,AST-POL000027-01,OCCURRENCE,,500000.00,PER_OCCURRENCE,1000000.00,100000.00,250000.00,2500.00,FLAT,0.0044,500000.00,INSURED_VALUE,2200.00,2107.60,1997.60,1418.30,FALSE,110.00,0.00,REPLACEMENT_COST,TRUE,PRIMARY,100.00,FALSE,,"Mar 22, 2024","Generated from ISSUED policy status, Extra Expense Coverage Covered Property Coverage selected for sample policy coverage.",29,FALSE,"Mar 22, 2024","Mar 21, 2025",TRUE,COV053,ACTIVE,POL000027
POL_ADMIN,LOC000053,AST-POL000027-02,OCCURRENCE,,110000.00,AGGREGATE,110000.00,11000.00,110000.00,0.00,FRANCHISE,0.0035,209938.00,GROSS_EARNINGS,734.78,720.09,683.35,539.85,FALSE,36.74,0.00,AGREED_VALUE,FALSE,EXCESS,50.00,FALSE,,"Mar 22, 2024","Generated from ISSUED policy status, Extra Expense Coverage Income Protection Coverage selected for sample policy coverage.",40,FALSE,"Mar 22, 2024","Mar 21, 2025",TRUE,COV054,ACTIVE,POL000027
POL_ADMIN,LOC000054,AST-POL000027-03,OCCURRENCE,,1200000.00,PER_OCCURRENCE,2400000.00,180000.00,600000.00,1000.00,FLAT,0.0056,1200000.00,INSURED_VALUE,6720.00,6733.44,6397.44,3518.59,FALSE,336.00,0.00,REPLACEMENT_COST,FALSE,UMBRELLA,25.00,FALSE,,"Mar 22, 2024","Generated from ISSUED policy status, Extra Expense Coverage Covered Property Coverage selected for sample policy coverage.",51,FALSE,"Mar 22, 2024","Mar 21, 2025",TRUE,COV055,ACTIVE,POL000027
POL_ADMIN,LOC000055,AST-POL000028-01,OCCURRENCE,,1100000.00,PER_OCCURRENCE,2200000.00,110000.00,550000.00,1000.00,FLAT,0.0050,1100000.00,INSURED_VALUE,5500.00,5456.00,5373.50,806.02,FALSE,82.50,0.00,REPLACEMENT_COST,TRUE,PRIMARY,100.00,FALSE,,"Mar 25, 2024","Generated from BOUND policy status, Extra Expense Coverage Covered Property Coverage selected for sample policy coverage.",46,FALSE,"Mar 25, 2024","Mar 24, 2025",TRUE,COV055,BOUND,POL000028
POL_ADMIN,LOC000056,AST-POL000029-01,OCCURRENCE,,600000.00,PER_OCCURRENCE,1200000.00,90000.00,300000.00,2500.00,FLAT,0.0056,600000.00,INSURED_VALUE,3360.00,3447.36,3279.36,1803.65,FALSE,168.00,0.00,AGREED_VALUE,TRUE,PRIMARY,100.00,FALSE,,"Mar 28, 2024","Generated from RENEWAL_PENDING policy status, Special Form All Risk Property Covered Property Coverage selected for sample policy coverage.",63,FALSE,"Mar 28, 2024","Mar 27, 2025",TRUE,COV057,ACTIVE,POL000029
POL_ADMIN,LOC000057,AST-POL000029-02,OCCURRENCE,,130000.00,AGGREGATE,130000.00,26000.00,130000.00,0.00,FRANCHISE,0.0045,294164.00,GROSS_EARNINGS,1323.74,1387.28,1321.09,832.29,FALSE,66.19,0.00,ACTUAL_CASH_VALUE,FALSE,EXCESS,50.00,TRUE,"Jun 10, 2024","Mar 28, 2024","Generated from RENEWAL_PENDING policy status, Special Form All Risk Property Income Protection Coverage selected for sample policy coverage.",74,TRUE,"Mar 28, 2024","Mar 27, 2025",TRUE,COV058,ENDORSED,POL000029
POL_ADMIN,LOC000058,AST-POL000030-01,OCCURRENCE,,1300000.00,PER_OCCURRENCE,2600000.00,260000.00,650000.00,1000.00,FLAT,0.0062,1300000.00,INSURED_VALUE,8060.00,8543.60,8785.40,439.27,FALSE,403.00,644.80,REPLACEMENT_COST,TRUE,PRIMARY,100.00,FALSE,,"Mar 31, 2024","Generated from APPLICATION policy status, Special Form All Risk Property Covered Property Coverage selected for sample policy coverage.",80,TRUE,"Mar 31, 2024","Mar 30, 2025",TRUE,COV059,UW_REVIEW,POL000030
POL_ADMIN,LOC000059,AST-POL000030-02,DISCOVERY,,225000.00,AGGREGATE,225000.00,22500.00,225000.00,0.00,FRANCHISE,0.0025,336277.00,GROSS_EARNINGS,840.69,909.63,934.85,0.00,FALSE,42.03,67.26,REPLACEMENT_COST,FALSE,EXCESS,50.00,FALSE,,"Mar 31, 2024","Generated from APPLICATION policy status, Special Form All Risk Property Income Protection Coverage selected for sample policy coverage.",91,TRUE,"Mar 31, 2024","Mar 30, 2025",TRUE,COV060,REQUESTED,POL000030
POL_ADMIN,LOC000060,AST-POL000030-03,OCCURRENCE,,500000.00,AGGREGATE,500000.00,75000.00,250000.00,2.00,PERCENTAGE,0.0038,500000.00,INSURED_VALUE,1900.00,1820.20,1725.20,86.26,FALSE,95.00,0.00,REPLACEMENT_COST,FALSE,UMBRELLA,25.00,FALSE,,"Mar 31, 2024","Generated from APPLICATION policy status, Special Form Catastrophe Extension Covered Property Coverage selected for sample policy coverage.",29,FALSE,"Mar 31, 2024","Mar 30, 2025",TRUE,COV061,UW_REVIEW,POL000030
POL_ADMIN,LOC000061,AST-POL000031-01,OCCURRENCE,,450000.00,AGGREGATE,450000.00,45000.00,225000.00,2.00,PERCENTAGE,0.0032,450000.00,INSURED_VALUE,1440.00,1575.36,1618.56,1618.56,TRUE,72.00,115.20,REPLACEMENT_COST,TRUE,PRIMARY,100.00,FALSE,,"Apr 03, 2024","Generated from CANCELLED policy status, Special Form Catastrophe Extension Covered Property Coverage selected for sample policy coverage.",97,TRUE,"Apr 03, 2024","Jul 03, 2024",FALSE,COV061,CANCELLED,POL000031
POL_ADMIN,LOC000062,AST-POL000032-01,OCCURRENCE,,1000000.00,AGGREGATE,1000000.00,150000.00,500000.00,1.00,PERCENTAGE,0.0038,1000000.00,INSURED_VALUE,3800.00,3731.60,3674.60,3674.60,TRUE,57.00,0.00,REPLACEMENT_COST,TRUE,PRIMARY,100.00,FALSE,,"Apr 06, 2024","Generated from NON_RENEWED policy status, Special Form Catastrophe Extension Covered Property Coverage selected for sample policy coverage.",41,FALSE,"Apr 06, 2024","Jul 07, 2024",FALSE,COV063,NON_RENEWED,POL000032
POL_ADMIN,LOC000063,AST-POL000032-02,OCCURRENCE,,275000.00,AGGREGATE,275000.00,55000.00,275000.00,0.00,FRANCHISE,0.0035,420503.00,GROSS_EARNINGS,1471.76,1477.65,1455.57,1455.57,TRUE,22.08,0.00,STATED_AMOUNT,FALSE,EXCESS,50.00,FALSE,,"Apr 06, 2024","Generated from NON_RENEWED policy status, Special Form Catastrophe Extension Income Protection Coverage selected for sample policy coverage.",52,FALSE,"Apr 06, 2024","Jul 07, 2024",FALSE,COV064,NON_RENEWED,POL000032
POL_ADMIN,LOC000064,AST-POL000033-01,CLAIMS_MADE,"Apr 09, 2023",550000.00,COMBINED_SINGLE_LIMIT,825000.00,110000.00,550000.00,0.00,FLAT,0.0073,854912.00,SALES,6240.86,6340.71,6247.10,3435.90,FALSE,93.61,0.00,STATED_AMOUNT,FALSE,PRIMARY,100.00,FALSE,,"Apr 09, 2024","Generated from ACTIVE policy status, Personal Auto Liability Core Liability Coverage selected for sample policy coverage.",58,FALSE,"Apr 09, 2024","Apr 08, 2025",TRUE,COV065,ACTIVE,POL000033
POL_ADMIN,LOC000065,AST-POL000033-02,OCCURRENCE,,120000.00,PER_OCCURRENCE,240000.00,12000.00,120000.00,1000.00,FLAT,415.0000,8.00,VEHICLE,3320.00,3446.16,3396.36,2139.71,FALSE,49.80,0.00,ACTUAL_CASH_VALUE,FALSE,EXCESS,50.00,TRUE,"Jun 26, 2024","Apr 09, 2024","Generated from ACTIVE policy status, Personal Auto Liability Vehicle Damage Coverage selected for sample policy coverage.",69,FALSE,"Apr 09, 2024","Apr 08, 2025",TRUE,COV066,ENDORSED,POL000033
POL_ADMIN,LOC000066,AST-POL000033-03,OCCURRENCE,,1300000.00,COMBINED_SINGLE_LIMIT,1950000.00,195000.00,1300000.00,0.00,FLAT,0.0087,904912.00,SALES,7872.73,8345.10,8856.83,6288.35,FALSE,118.09,629.82,STATED_AMOUNT,FALSE,UMBRELLA,25.00,FALSE,,"Apr 09, 2024","Generated from ACTIVE policy status, Personal Auto Liability Core Liability Coverage selected for sample policy coverage.",80,TRUE,"Apr 09, 2024","Apr 08, 2025",TRUE,COV067,ACTIVE,POL000033
POL_ADMIN,LOC000067,AST-POL000034-01,OCCURRENCE,,1200000.00,COMBINED_SINGLE_LIMIT,1800000.00,120000.00,1200000.00,0.00,FLAT,0.0080,928503.00,SALES,7428.02,7799.43,8022.27,5054.03,FALSE,371.40,594.24,STATED_AMOUNT,FALSE,PRIMARY,100.00,TRUE,"Jun 29, 2024","Apr 12, 2024","Generated from ACTIVE policy status, Personal Auto Liability Core Liability Coverage selected for sample policy coverage.",75,TRUE,"Apr 12, 2024","Apr 11, 2025",TRUE,COV067,ENDORSED,POL000034
POL_ADMIN,LOC000068,AST-POL000035-01,OCCURRENCE,,650000.00,COMBINED_SINGLE_LIMIT,975000.00,97500.00,650000.00,0.00,FLAT,0.0087,1002094.00,SALES,8718.22,9450.55,10017.23,7112.23,FALSE,130.77,697.46,STATED_AMOUNT,FALSE,PRIMARY,100.00,FALSE,,"Apr 15, 2024","Generated from ISSUED policy status, Personal Auto Physical Damage Core Liability Coverage selected for sample policy coverage.",92,TRUE,"Apr 15, 2024","Apr 14, 2025",TRUE,COV069,ACTIVE,POL000035
POL_ADMIN,LOC000069,AST-POL000035-02,OCCURRENCE,,90000.00,PER_OCCURRENCE,180000.00,18000.00,90000.00,1000.00,FLAT,525.0000,14.00,VEHICLE,7350.00,7056.00,6945.75,5487.14,FALSE,110.25,0.00,ACTUAL_CASH_VALUE,FALSE,EXCESS,50.00,FALSE,,"Apr 15, 2024","Generated from ISSUED policy status, Personal Auto Physical Damage Vehicle Damage Coverage selected for sample policy coverage.",30,FALSE,"Apr 15, 2024","Apr 14, 2025",TRUE,COV070,ACTIVE,POL000035
POL_ADMIN,LOC000070,AST-POL000036-01,OCCURRENCE,,900000.00,COMBINED_SINGLE_LIMIT,1350000.00,180000.00,900000.00,0.00,FLAT,0.0045,1075685.00,SALES,4840.58,4705.05,4632.44,694.87,FALSE,72.61,0.00,STATED_AMOUNT,FALSE,PRIMARY,100.00,FALSE,,"Apr 18, 2024","Generated from BOUND policy status, Personal Auto Physical Damage Core Liability Coverage selected for sample policy coverage.",36,FALSE,"Apr 18, 2024","Apr 17, 2025",TRUE,COV071,BOUND,POL000036
POL_ADMIN,LOC000071,AST-POL000036-02,OCCURRENCE,,250000.00,PER_OCCURRENCE,500000.00,25000.00,250000.00,500.00,FLAT,580.0000,17.00,VEHICLE,9860.00,9800.84,9652.94,1447.94,FALSE,147.90,0.00,ACTUAL_CASH_VALUE,FALSE,EXCESS,50.00,FALSE,,"Apr 18, 2024","Generated from BOUND policy status, Personal Auto Physical Damage Vehicle Damage Coverage selected for sample policy coverage.",47,FALSE,"Apr 18, 2024","Apr 17, 2025",TRUE,COV072,BOUND,POL000036
POL_ADMIN,LOC000072,AST-POL000036-03,OCCURRENCE,,550000.00,COMBINED_SINGLE_LIMIT,825000.00,82500.00,550000.00,0.00,FLAT,0.0059,1125685.00,SALES,6641.54,6747.81,6648.18,997.23,FALSE,99.62,0.00,STATED_AMOUNT,FALSE,UMBRELLA,25.00,FALSE,,"Apr 18, 2024","Generated from BOUND policy status, Preferred Auto Liability Core Liability Coverage selected for sample policy coverage.",58,FALSE,"Apr 18, 2024","Apr 17, 2025",TRUE,COV073,BOUND,POL000036
POL_ADMIN,LOC000073,AST-POL000037-01,CLAIMS_MADE,"Apr 21, 2023",500000.00,COMBINED_SINGLE_LIMIT,750000.00,50000.00,500000.00,0.00,FLAT,0.0052,1149276.00,SALES,5976.24,6012.09,5922.45,3257.35,FALSE,89.64,0.00,STATED_AMOUNT,FALSE,PRIMARY,100.00,FALSE,,"Apr 21, 2024","Generated from RENEWAL_PENDING policy status, Preferred Auto Liability Core Liability Coverage selected for sample policy coverage.",53,FALSE,"Apr 21, 2024","Apr 20, 2025",TRUE,COV073,ACTIVE,POL000037
POL_ADMIN,LOC000074,AST-POL000038-01,OCCURRENCE,,1100000.00,COMBINED_SINGLE_LIMIT,1650000.00,165000.00,1100000.00,0.00,FLAT,0.0059,1222867.00,SALES,7214.92,7503.51,7142.77,0.00,FALSE,360.75,0.00,STATED_AMOUNT,FALSE,PRIMARY,100.00,FALSE,,"Apr 24, 2024","Generated from QUOTE policy status, Preferred Auto Liability Core Liability Coverage selected for sample policy coverage.",70,FALSE,"Apr 24, 2024","Apr 23, 2025",TRUE,COV075,REQUESTED,POL000038
POL_ADMIN,LOC000075,AST-POL000038-02,OCCURRENCE,,300000.00,PER_OCCURRENCE,600000.00,60000.00,300000.00,500.00,FLAT,690.0000,23.00,VEHICLE,15870.00,16853.94,17330.04,0.00,FALSE,793.50,1269.60,ACTUAL_CASH_VALUE,FALSE,EXCESS,50.00,FALSE,,"Apr 24, 2024","Generated from QUOTE policy status, Preferred Auto Liability Vehicle Damage Coverage selected for sample policy coverage.",81,TRUE,"Apr 24, 2024","Apr 23, 2025",TRUE,COV076,QUOTED,POL000038
POL_ADMIN,LOC000076,AST-POL000039-01,OCCURRENCE,,600000.00,COMBINED_SINGLE_LIMIT,900000.00,120000.00,600000.00,0.00,FLAT,0.0066,1296458.00,SALES,8556.62,9189.81,9745.99,6919.66,FALSE,128.35,684.53,STATED_AMOUNT,FALSE,PRIMARY,100.00,FALSE,,"Apr 27, 2024","Generated from SUSPENDED policy status, Preferred Auto Comprehensive Core Liability Coverage selected for sample policy coverage.",87,TRUE,"Apr 27, 2024","Sep 03, 2024",TRUE,COV077,SUSPENDED,POL000039
POL_ADMIN,LOC000077,AST-POL000039-02,OCCURRENCE,,130000.00,PER_OCCURRENCE,260000.00,13000.00,130000.00,1000.00,FLAT,745.0000,26.00,VEHICLE,19370.00,18401.50,18110.95,14307.65,FALSE,290.55,0.00,ACTUAL_CASH_VALUE,FALSE,EXCESS,50.00,FALSE,,"Apr 27, 2024","Generated from SUSPENDED policy status, Preferred Auto Comprehensive Vehicle Damage Coverage selected for sample policy coverage.",25,TRUE,"Apr 27, 2024","Sep 03, 2024",TRUE,COV078,SUSPENDED,POL000039
POL_ADMIN,LOC000078,AST-POL000039-03,CLAIMS_MADE,"Apr 27, 2023",900000.00,COMBINED_SINGLE_LIMIT,1350000.00,135000.00,900000.00,0.00,FLAT,0.0080,1346458.00,SALES,10771.66,10470.06,10308.48,5669.67,FALSE,161.57,0.00,STATED_AMOUNT,FALSE,UMBRELLA,25.00,FALSE,,"Apr 27, 2024","Generated from SUSPENDED policy status, Preferred Auto Comprehensive Core Liability Coverage selected for sample policy coverage.",36,TRUE,"Apr 27, 2024","Sep 03, 2024",TRUE,COV079,SUSPENDED,POL000039
POL_ADMIN,LOC000079,AST-POL000040-01,OCCURRENCE,,1300000.00,COMBINED_SINGLE_LIMIT,1950000.00,130000.00,1300000.00,0.00,FLAT,0.0073,1370049.00,SALES,10001.36,9621.31,9471.29,9471.29,TRUE,150.02,0.00,STATED_AMOUNT,FALSE,PRIMARY,100.00,FALSE,,"Apr 30, 2024","Generated from LAPSED policy status, Preferred Auto Comprehensive Core Liability Coverage selected for sample policy coverage.",31,TRUE,"Apr 30, 2024","Aug 08, 2024",FALSE,COV079,LAPSED,POL000040
POL_ADMIN,LOC000080,AST-POL000041-01,CLAIMS_MADE,"May 03, 2023",450000.00,COMBINED_SINGLE_LIMIT,675000.00,67500.00,450000.00,0.00,FLAT,0.0080,1443640.00,SALES,11549.12,11502.92,11329.69,6231.33,FALSE,173.24,0.00,STATED_AMOUNT,FALSE,PRIMARY,100.00,FALSE,,"May 03, 2024","Generated from ACTIVE policy status, Non-Standard Auto Liability Core Liability Coverage selected for sample policy coverage.",48,FALSE,"May 03, 2024","May 02, 2025",TRUE,COV081,ACTIVE,POL000041
POL_ADMIN,LOC000081,AST-POL000041-02,OCCURRENCE,,100000.00,PER_OCCURRENCE,200000.00,20000.00,100000.00,1000.00,FLAT,415.0000,2.00,VEHICLE,830.00,844.94,832.49,524.47,FALSE,12.45,0.00,ACTUAL_CASH_VALUE,FALSE,EXCESS,50.00,TRUE,"Jul 28, 2024","May 03, 2024","Generated from ACTIVE policy status, Non-Standard Auto Liability Vehicle Damage Coverage selected for sample policy coverage.",59,FALSE,"May 03, 2024","May 02, 2025",TRUE,COV082,ENDORSED,POL000041
POL_ADMIN,LOC000082,AST-POL000042-01,OCCURRENCE,,1000000.00,COMBINED_SINGLE_LIMIT,1500000.00,200000.00,1000000.00,0.00,FLAT,0.0087,1517231.00,SALES,13199.91,13595.91,12935.91,8149.62,FALSE,660.00,0.00,STATED_AMOUNT,FALSE,PRIMARY,100.00,TRUE,"Jul 31, 2024","May 06, 2024","Generated from ACTIVE policy status, Non-Standard Auto Liability Core Liability Coverage selected for sample policy coverage.",65,FALSE,"May 06, 2024","May 05, 2025",TRUE,COV083,ENDORSED,POL000042
POL_ADMIN,LOC000083,AST-POL000042-02,OCCURRENCE,,275000.00,PER_OCCURRENCE,550000.00,27500.00,275000.00,500.00,FLAT,470.0000,5.00,VEHICLE,2350.00,2472.20,2542.70,1805.32,FALSE,117.50,188.00,ACTUAL_CASH_VALUE,FALSE,EXCESS,50.00,FALSE,,"May 06, 2024","Generated from ACTIVE policy status, Non-Standard Auto Liability Vehicle Damage Coverage selected for sample policy coverage.",76,TRUE,"May 06, 2024","May 05, 2025",TRUE,COV084,ACTIVE,POL000042
POL_ADMIN,LOC000084,AST-POL000042-03,OCCURRENCE,,600000.00,COMBINED_SINGLE_LIMIT,900000.00,90000.00,600000.00,0.00,FLAT,0.0052,1567231.00,SALES,8149.60,8752.67,8997.16,7107.76,FALSE,407.48,651.97,STATED_AMOUNT,FALSE,UMBRELLA,25.00,TRUE,"Aug 02, 2024","May 06, 2024","Generated from ACTIVE policy status, Non-Standard Financial Responsibility Filing Core Liability Coverage selected for sample policy coverage.",87,TRUE,"May 06, 2024","May 05, 2025",TRUE,COV085,ENDORSED,POL000042
POL_ADMIN,LOC000085,AST-POL000043-01,OCCURRENCE,,550000.00,COMBINED_SINGLE_LIMIT,825000.00,55000.00,550000.00,0.00,FLAT,0.0045,1590822.00,SALES,7158.70,7616.86,8082.17,5738.34,FALSE,107.38,572.70,STATED_AMOUNT,FALSE,PRIMARY,100.00,FALSE,,"May 09, 2024","Generated from ISSUED policy status, Non-Standard Financial Responsibility Filing Core Liability Coverage selected for sample policy coverage.",82,TRUE,"May 09, 2024","May 08, 2025",TRUE,COV085,ACTIVE,POL000043
POL_ADMIN,LOC000086,AST-POL000044-01,OCCURRENCE,,1200000.00,COMBINED_SINGLE_LIMIT,1800000.00,180000.00,1200000.00,0.00,FLAT,0.0052,1664413.00,SALES,8654.95,8239.51,8109.69,1216.45,FALSE,129.82,0.00,STATED_AMOUNT,FALSE,PRIMARY,100.00,FALSE,,"May 12, 2024","Generated from BOUND policy status, Non-Standard Financial Responsibility Filing Core Liability Coverage selected for sample policy coverage.",26,FALSE,"May 12, 2024","May 11, 2025",TRUE,COV087,BOUND,POL000044
POL_ADMIN,LOC000087,AST-POL000044-02,OCCURRENCE,,325000.00,PER_OCCURRENCE,650000.00,65000.00,325000.00,500.00,FLAT,580.0000,11.00,VEHICLE,6380.00,6214.12,6118.42,917.76,FALSE,95.70,0.00,ACTUAL_CASH_VALUE,FALSE,EXCESS,50.00,TRUE,"Aug 09, 2024","May 12, 2024","Generated from BOUND policy status, Non-Standard Financial Responsibility Filing Vehicle Damage Coverage selected for sample policy coverage.",37,FALSE,"May 12, 2024","May 11, 2025",TRUE,COV088,BOUND,POL000044
POL_ADMIN,LOC000088,AST-POL000045-01,CLAIMS_MADE,"May 15, 2023",650000.00,COMBINED_SINGLE_LIMIT,975000.00,130000.00,650000.00,0.00,FLAT,0.0059,1738004.00,SALES,10254.22,10110.66,9956.85,5476.27,FALSE,153.81,0.00,STATED_AMOUNT,FALSE,PRIMARY,100.00,TRUE,"Aug 12, 2024","May 15, 2024","Generated from RENEWAL_PENDING policy status, Multi-Vehicle Liability Core Liability Coverage selected for sample policy coverage.",43,FALSE,"May 15, 2024","May 14, 2025",TRUE,COV089,ACTIVE,POL000045
POL_ADMIN,LOC000089,AST-POL000045-02,OCCURRENCE,,90000.00,PER_OCCURRENCE,180000.00,9000.00,90000.00,1000.00,FLAT,635.0000,14.00,VEHICLE,8890.00,8961.12,8827.77,5561.50,FALSE,133.35,0.00,ACTUAL_CASH_VALUE,FALSE,EXCESS,50.00,TRUE,"Aug 13, 2024","May 15, 2024","Generated from RENEWAL_PENDING policy status, Multi-Vehicle Liability Vehicle Damage Coverage selected for sample policy coverage.",54,FALSE,"May 15, 2024","May 14, 2025",TRUE,COV090,ENDORSED,POL000045
POL_ADMIN,LOC000090,AST-POL000045-03,OCCURRENCE,,1000000.00,COMBINED_SINGLE_LIMIT,1500000.00,150000.00,1000000.00,0.00,FLAT,0.0073,1788004.00,SALES,13052.43,13444.00,13248.22,9406.23,FALSE,195.79,0.00,STATED_AMOUNT,FALSE,UMBRELLA,25.00,FALSE,,"May 15, 2024","Generated from RENEWAL_PENDING policy status, Multi-Vehicle Liability Core Liability Coverage selected for sample policy coverage.",65,FALSE,"May 15, 2024","May 14, 2025",TRUE,COV091,ACTIVE,POL000045
POL_ADMIN,LOC000091,AST-POL000046-01,OCCURRENCE,,900000.00,COMBINED_SINGLE_LIMIT,1350000.00,90000.00,900000.00,0.00,FLAT,0.0066,1811595.00,SALES,11956.53,12195.66,11597.83,0.00,FALSE,597.83,0.00,STATED_AMOUNT,FALSE,PRIMARY,100.00,FALSE,,"May 18, 2024","Generated from QUOTE policy status, Multi-Vehicle Liability Core Liability Coverage selected for sample policy coverage.",60,FALSE,"May 18, 2024","May 17, 2025",TRUE,COV091,REQUESTED,POL000046
POL_ADMIN,LOC000092,AST-POL000047-01,OCCURRENCE,,500000.00,COMBINED_SINGLE_LIMIT,750000.00,75000.00,500000.00,0.00,FLAT,0.0073,1885186.00,SALES,13761.86,14505.00,15399.52,10933.66,FALSE,206.43,1100.95,STATED_AMOUNT,FALSE,PRIMARY,100.00,FALSE,,"May 21, 2024","Generated from SUSPENDED policy status, Multi-Vehicle Package Coverage Core Liability Coverage selected for sample policy coverage.",77,TRUE,"May 21, 2024","Oct 05, 2024",TRUE,COV093,SUSPENDED,POL000047
POL_ADMIN,LOC000093,AST-POL000047-02,OCCURRENCE,,110000.00,PER_OCCURRENCE,220000.00,22000.00,110000.00,1000.00,FLAT,745.0000,20.00,VEHICLE,14900.00,16032.40,17000.90,13430.71,FALSE,223.50,1192.00,ACTUAL_CASH_VALUE,FALSE,EXCESS,50.00,FALSE,,"May 21, 2024","Generated from SUSPENDED policy status, Multi-Vehicle Package Coverage Vehicle Damage Coverage selected for sample policy coverage.",88,TRUE,"May 21, 2024","Oct 05, 2024",TRUE,COV094,SUSPENDED,POL000047
POL_ADMIN,LOC000094,AST-POL000048-01,OCCURRENCE,,1100000.00,COMBINED_SINGLE_LIMIT,1650000.00,220000.00,1100000.00,0.00,FLAT,0.0080,1958777.00,SALES,15670.22,17049.20,18067.76,18067.76,TRUE,235.05,1253.62,STATED_AMOUNT,FALSE,PRIMARY,100.00,FALSE,,"May 24, 2024","Generated from LAPSED policy status, Multi-Vehicle Package Coverage Core Liability Coverage selected for sample policy coverage.",94,TRUE,"May 24, 2024","Sep 09, 2024",FALSE,COV095,LAPSED,POL000048
POL_ADMIN,LOC000095,AST-POL000048-02,OCCURRENCE,,300000.00,PER_OCCURRENCE,600000.00,30000.00,300000.00,500.00,FLAT,360.0000,23.00,VEHICLE,8280.00,7981.92,7857.72,7857.72,TRUE,124.20,0.00,ACTUAL_CASH_VALUE,FALSE,EXCESS,50.00,FALSE,,"May 24, 2024","Generated from LAPSED policy status, Multi-Vehicle Package Coverage Vehicle Damage Coverage selected for sample policy coverage.",32,TRUE,"May 24, 2024","Sep 09, 2024",FALSE,COV096,LAPSED,POL000048
POL_ADMIN,LOC000096,AST-POL000048-03,OCCURRENCE,,390000.00,PER_OCCURRENCE,780000.00,58500.00,195000.00,1000.00,FLAT,0.0032,390000.00,DWELLING_VALUE,1248.00,1230.53,1211.81,1211.81,TRUE,18.72,0.00,REPLACEMENT_COST,FALSE,UMBRELLA,25.00,FALSE,,"May 24, 2024","Generated from LAPSED policy status, HO-3 Dwelling Coverage Residential Property Coverage selected for sample policy coverage.",43,TRUE,"May 24, 2024","Sep 09, 2024",FALSE,COV097,LAPSED,POL000048
POL_ADMIN,LOC000097,AST-POL000049-01,OCCURRENCE,,360000.00,PER_OCCURRENCE,720000.00,36000.00,180000.00,1000.00,FLAT,0.0028,360000.00,DWELLING_VALUE,1008.00,983.81,968.69,532.78,FALSE,15.12,0.00,AGREED_VALUE,TRUE,PRIMARY,100.00,FALSE,,"May 27, 2024","Generated from ACTIVE policy status, HO-3 Dwelling Coverage Residential Property Coverage selected for sample policy coverage.",38,FALSE,"May 27, 2024","May 26, 2025",TRUE,COV097,ACTIVE,POL000049
POL_ADMIN,LOC000098,AST-POL000050-01,OCCURRENCE,,650000.00,PER_OCCURRENCE,1300000.00,97500.00,325000.00,500.00,FLAT,0.0032,650000.00,DWELLING_VALUE,2080.00,2100.80,1996.80,1257.98,FALSE,104.00,0.00,REPLACEMENT_COST,TRUE,PRIMARY,100.00,TRUE,"Sep 01, 2024","May 30, 2024","Generated from ACTIVE policy status, HO-3 Dwelling Coverage Residential Property Coverage selected for sample policy coverage.",55,FALSE,"May 30, 2024","May 29, 2025",TRUE,COV099,ENDORSED,POL000050
POL_ADMIN,LOC000099,AST-POL000050-02,OCCURRENCE,,450000.00,PER_OCCURRENCE,900000.00,90000.00,450000.00,0.00,FLAT,95.0000,3.00,HOUSEHOLD,285.00,294.12,279.87,198.71,FALSE,14.25,0.00,STATED_AMOUNT,FALSE,EXCESS,50.00,FALSE,,"May 30, 2024","Generated from ACTIVE policy status, HO-3 Dwelling Coverage Household Liability Coverage selected for sample policy coverage.",66,FALSE,"May 30, 2024","May 29, 2025",TRUE,COV100,ACTIVE,POL000050
POL_ADMIN,LOC000100,AST-POL000051-01,OCCURRENCE,,270000.00,PER_OCCURRENCE,540000.00,54000.00,135000.00,1000.00,FLAT,0.0036,270000.00,DWELLING_VALUE,972.00,1014.77,1000.19,710.13,FALSE,14.58,0.00,REPLACEMENT_COST,TRUE,PRIMARY,100.00,FALSE,,"Jun 02, 2024","Generated from ISSUED policy status, HO-3 Personal Liability Residential Property Coverage selected for sample policy coverage.",72,TRUE,"Jun 02, 2024","Jun 01, 2025",TRUE,COV101,ACTIVE,POL000051
POL_ADMIN,LOC000101,AST-POL000051-02,OCCURRENCE,,300000.00,PER_OCCURRENCE,600000.00,30000.00,300000.00,0.00,FLAT,115.0000,1.00,HOUSEHOLD,115.00,122.59,130.06,102.75,FALSE,1.72,9.20,STATED_AMOUNT,FALSE,EXCESS,50.00,FALSE,,"Jun 02, 2024","Generated from ISSUED policy status, HO-3 Personal Liability Household Liability Coverage selected for sample policy coverage.",83,TRUE,"Jun 02, 2024","Jun 01, 2025",TRUE,COV102,ACTIVE,POL000051
POL_ADMIN,LOC000102,AST-POL000051-03,OCCURRENCE,,550000.00,PER_OCCURRENCE,1100000.00,82500.00,275000.00,500.00,FLAT,0.0044,550000.00,DWELLING_VALUE,2420.00,2632.96,2790.26,1534.64,FALSE,36.30,193.60,REPLACEMENT_COST,FALSE,UMBRELLA,25.00,FALSE,,"Jun 02, 2024","Generated from ISSUED policy status, HO-3 Personal Liability Residential Property Coverage selected for sample policy coverage.",94,TRUE,"Jun 02, 2024","Jun 01, 2025",TRUE,COV103,ACTIVE,POL000051
POL_ADMIN,LOC000103,AST-POL000052-01,OCCURRENCE,,500000.00,PER_OCCURRENCE,1000000.00,50000.00,250000.00,500.00,FLAT,0.0040,500000.00,DWELLING_VALUE,2000.00,2156.00,2286.00,342.90,FALSE,30.00,160.00,REPLACEMENT_COST,TRUE,PRIMARY,100.00,FALSE,,"Jun 05, 2024","Generated from BOUND policy status, HO-3 Personal Liability Residential Property Coverage selected for sample policy coverage.",89,TRUE,"Jun 05, 2024","Jun 04, 2025",TRUE,COV103,BOUND,POL000052
POL_ADMIN,LOC000104,AST-POL000053-01,OCCURRENCE,,330000.00,PER_OCCURRENCE,660000.00,49500.00,165000.00,2.00,PERCENTAGE,0.0044,330000.00,DWELLING_VALUE,1452.00,1402.63,1380.85,759.47,FALSE,21.78,0.00,AGREED_VALUE,TRUE,PRIMARY,100.00,FALSE,,"Jun 08, 2024","Generated from RENEWAL_PENDING policy status, HO-5 Comprehensive Dwelling Residential Property Coverage selected for sample policy coverage.",33,FALSE,"Jun 08, 2024","Jun 07, 2025",TRUE,COV105,ACTIVE,POL000053
POL_ADMIN,LOC000105,AST-POL000053-02,OCCURRENCE,,360000.00,PER_OCCURRENCE,720000.00,72000.00,360000.00,0.00,FLAT,155.0000,3.00,HOUSEHOLD,465.00,459.42,452.44,285.04,FALSE,6.97,0.00,STATED_AMOUNT,FALSE,EXCESS,50.00,TRUE,"Sep 14, 2024","Jun 08, 2024","Generated from RENEWAL_PENDING policy status, HO-5 Comprehensive Dwelling Household Liability Coverage selected for sample policy coverage.",44,FALSE,"Jun 08, 2024","Jun 07, 2025",TRUE,COV106,ENDORSED,POL000053
POL_ADMIN,LOC000106,AST-POL000054-01,OCCURRENCE,,600000.00,PER_OCCURRENCE,1200000.00,120000.00,300000.00,1.00,PERCENTAGE,0.0048,600000.00,DWELLING_VALUE,2880.00,2880.00,2736.00,0.00,FALSE,144.00,0.00,REPLACEMENT_COST,TRUE,PRIMARY,100.00,FALSE,,"Jun 11, 2024","Generated from QUOTE policy status, HO-5 Comprehensive Dwelling Residential Property Coverage selected for sample policy coverage.",50,FALSE,"Jun 11, 2024","Jun 10, 2025",TRUE,COV107,REQUESTED,POL000054
POL_ADMIN,LOC000107,AST-POL000054-02,OCCURRENCE,,650000.00,PER_OCCURRENCE,1300000.00,65000.00,650000.00,0.00,FLAT,175.0000,1.00,HOUSEHOLD,175.00,178.85,170.10,0.00,FALSE,8.75,0.00,STATED_AMOUNT,FALSE,EXCESS,50.00,FALSE,,"Jun 11, 2024","Generated from QUOTE policy status, HO-5 Comprehensive Dwelling Household Liability Coverage selected for sample policy coverage.",61,FALSE,"Jun 11, 2024","Jun 10, 2025",TRUE,COV108,QUOTED,POL000054
POL_ADMIN,LOC000108,AST-POL000054-03,OCCURRENCE,,270000.00,PER_OCCURRENCE,540000.00,40500.00,135000.00,2.00,PERCENTAGE,0.0032,270000.00,DWELLING_VALUE,864.00,902.02,858.82,0.00,FALSE,43.20,0.00,REPLACEMENT_COST,FALSE,UMBRELLA,25.00,TRUE,"Sep 19, 2024","Jun 11, 2024","Generated from QUOTE policy status, HO-5 Personal Property Residential Property Coverage selected for sample policy coverage.",72,TRUE,"Jun 11, 2024","Jun 10, 2025",TRUE,COV109,REQUESTED,POL000054
POL_ADMIN,LOC000109,AST-POL000055-01,OCCURRENCE,,390000.00,PER_OCCURRENCE,780000.00,39000.00,195000.00,2.00,PERCENTAGE,0.0028,390000.00,DWELLING_VALUE,1092.00,1129.13,1074.53,53.73,FALSE,54.60,0.00,REPLACEMENT_COST,TRUE,PRIMARY,100.00,FALSE,,"Jun 14, 2024","Generated from UNDER_REVIEW policy status, HO-5 Personal Property Residential Property Coverage selected for sample policy coverage.",67,FALSE,"Jun 14, 2024","Jun 13, 2025",TRUE,COV109,UW_REVIEW,POL000055
POL_ADMIN,LOC000110,AST-POL000056-01,OCCURRENCE,,450000.00,PER_OCCURRENCE,900000.00,67500.00,225000.00,1.00,PERCENTAGE,0.0032,450000.00,DWELLING_VALUE,1440.00,1537.92,1631.52,1631.52,TRUE,21.60,115.20,REPLACEMENT_COST,TRUE,PRIMARY,100.00,TRUE,"Sep 25, 2024","Jun 17, 2024","Generated from EXPIRED policy status, HO-5 Personal Property Residential Property Coverage selected for sample policy coverage.",84,TRUE,"Jun 17, 2024","Jun 16, 2025",FALSE,COV111,EXPIRED,POL000056
POL_ADMIN,LOC000111,AST-POL000056-02,OCCURRENCE,,500000.00,PER_OCCURRENCE,1000000.00,100000.00,500000.00,0.00,FLAT,115.0000,3.00,HOUSEHOLD,345.00,376.05,398.48,398.48,TRUE,5.17,27.60,STATED_AMOUNT,FALSE,EXCESS,50.00,FALSE,,"Jun 17, 2024","Generated from EXPIRED policy status, HO-5 Personal Property Household Liability Coverage selected for sample policy coverage.",95,TRUE,"Jun 17, 2024","Jun 16, 2025",FALSE,COV112,EXPIRED,POL000056
POL_ADMIN,LOC000112,AST-POL000057-01,OCCURRENCE,,300000.00,PER_OCCURRENCE,600000.00,60000.00,150000.00,1000.00,FLAT,0.0036,300000.00,DWELLING_VALUE,1080.00,1032.48,978.48,538.16,FALSE,54.00,0.00,AGREED_VALUE,TRUE,PRIMARY,100.00,FALSE,,"Jun 20, 2024","Generated from ACTIVE policy status, Condo Building Items Residential Property Coverage selected for sample policy coverage.",28,FALSE,"Jun 20, 2024","Jun 19, 2025",TRUE,COV113,ACTIVE,POL000057
POL_ADMIN,LOC000113,AST-POL000057-02,OCCURRENCE,,330000.00,PER_OCCURRENCE,660000.00,33000.00,330000.00,0.00,FLAT,135.0000,1.00,HOUSEHOLD,135.00,132.03,125.28,78.93,FALSE,6.75,0.00,STATED_AMOUNT,FALSE,EXCESS,50.00,TRUE,"Sep 30, 2024","Jun 20, 2024","Generated from ACTIVE policy status, Condo Building Items Household Liability Coverage selected for sample policy coverage.",39,FALSE,"Jun 20, 2024","Jun 19, 2025",TRUE,COV114,ENDORSED,POL000057
POL_ADMIN,LOC000114,AST-POL000057-03,OCCURRENCE,,600000.00,PER_OCCURRENCE,1200000.00,90000.00,300000.00,500.00,FLAT,0.0044,600000.00,DWELLING_VALUE,2640.00,2640.00,2508.00,1780.68,FALSE,132.00,0.00,AGREED_VALUE,FALSE,UMBRELLA,25.00,FALSE,,"Jun 20, 2024","Generated from ACTIVE policy status, Condo Building Items Residential Property Coverage selected for sample policy coverage.",50,FALSE,"Jun 20, 2024","Jun 19, 2025",TRUE,COV115,ACTIVE,POL000057
POL_ADMIN,LOC000115,AST-POL000058-01,OCCURRENCE,,550000.00,PER_OCCURRENCE,1100000.00,55000.00,275000.00,500.00,FLAT,0.0040,550000.00,DWELLING_VALUE,2200.00,2178.00,2068.00,1302.84,FALSE,110.00,0.00,REPLACEMENT_COST,TRUE,PRIMARY,100.00,TRUE,"Oct 03, 2024","Jun 23, 2024","Generated from ACTIVE policy status, Condo Building Items Residential Property Coverage selected for sample policy coverage.",45,FALSE,"Jun 23, 2024","Jun 22, 2025",TRUE,COV115,ENDORSED,POL000058
POL_ADMIN,LOC000116,AST-POL000059-01,OCCURRENCE,,360000.00,PER_OCCURRENCE,720000.00,54000.00,180000.00,1000.00,FLAT,0.0044,360000.00,DWELLING_VALUE,1584.00,1622.02,1542.82,1095.40,FALSE,79.20,0.00,REPLACEMENT_COST,TRUE,PRIMARY,100.00,FALSE,,"Jun 26, 2024","Generated from ISSUED policy status, Condo Personal Liability Residential Property Coverage selected for sample policy coverage.",62,FALSE,"Jun 26, 2024","Jun 25, 2025",TRUE,COV117,ACTIVE,POL000059
POL_ADMIN,LOC000117,AST-POL000059-02,OCCURRENCE,,390000.00,PER_OCCURRENCE,780000.00,78000.00,390000.00,0.00,FLAT,175.0000,3.00,HOUSEHOLD,525.00,549.15,522.90,413.09,FALSE,26.25,0.00,STATED_AMOUNT,FALSE,EXCESS,50.00,FALSE,,"Jun 26, 2024","Generated from ISSUED policy status, Condo Personal Liability Household Liability Coverage selected for sample policy coverage.",73,TRUE,"Jun 26, 2024","Jun 25, 2025",TRUE,COV118,ACTIVE,POL000059
POL_ADMIN,LOC000118,AST-POL000060-01,OCCURRENCE,,650000.00,PER_OCCURRENCE,1300000.00,130000.00,325000.00,500.00,FLAT,0.0048,650000.00,DWELLING_VALUE,3120.00,3300.96,3503.76,2767.97,FALSE,46.80,249.60,REPLACEMENT_COST,TRUE,PRIMARY,100.00,FALSE,,"Jun 29, 2024","Generated from ISSUED policy status, Condo Personal Liability Residential Property Coverage selected for sample policy coverage.",79,TRUE,"Jun 29, 2024","Jun 28, 2025",TRUE,COV119,ACTIVE,POL000060
POL_ADMIN,LOC000119,AST-POL000060-02,OCCURRENCE,,450000.00,PER_OCCURRENCE,900000.00,45000.00,450000.00,0.00,FLAT,95.0000,1.00,HOUSEHOLD,95.00,102.60,108.78,59.83,FALSE,1.43,7.60,STATED_AMOUNT,FALSE,EXCESS,50.00,FALSE,,"Jun 29, 2024","Generated from ISSUED policy status, Condo Personal Liability Household Liability Coverage selected for sample policy coverage.",90,TRUE,"Jun 29, 2024","Jun 28, 2025",TRUE,COV120,ACTIVE,POL000060
POL_ADMIN,LOC000120,AST-POL000060-03,OCCURRENCE,,300000.00,PER_OCCURRENCE,600000.00,45000.00,150000.00,1000.00,FLAT,0.0032,300000.00,DWELLING_VALUE,960.00,917.76,903.36,569.12,FALSE,14.40,0.00,REPLACEMENT_COST,FALSE,UMBRELLA,25.00,FALSE,,"Jun 29, 2024","Generated from ISSUED policy status, Renters Personal Property Residential Property Coverage selected for sample policy coverage.",28,FALSE,"Jun 29, 2024","Jun 28, 2025",TRUE,COV121,ACTIVE,POL000060
POL_ADMIN,LOC000121,AST-POL000061-01,OCCURRENCE,,270000.00,PER_OCCURRENCE,540000.00,27000.00,135000.00,1000.00,FLAT,0.0028,270000.00,DWELLING_VALUE,756.00,825.55,848.23,466.53,FALSE,37.80,60.48,AGREED_VALUE,TRUE,PRIMARY,100.00,FALSE,,"Jul 02, 2024","Generated from RENEWAL_PENDING policy status, Renters Personal Property Residential Property Coverage selected for sample policy coverage.",96,TRUE,"Jul 02, 2024","Jul 01, 2025",TRUE,COV121,ACTIVE,POL000061
POL_ADMIN,LOC000122,AST-POL000062-01,OCCURRENCE,,500000.00,PER_OCCURRENCE,1000000.00,75000.00,250000.00,500.00,FLAT,0.0032,500000.00,DWELLING_VALUE,1600.00,1568.00,1488.00,0.00,FALSE,80.00,0.00,REPLACEMENT_COST,TRUE,PRIMARY,100.00,FALSE,,"Jul 05, 2024","Generated from QUOTE policy status, Renters Personal Property Residential Property Coverage selected for sample policy coverage.",40,FALSE,"Jul 05, 2024","Jul 04, 2025",TRUE,COV123,REQUESTED,POL000062
POL_ADMIN,LOC000123,AST-POL000062-02,OCCURRENCE,,550000.00,PER_OCCURRENCE,1100000.00,110000.00,550000.00,0.00,FLAT,135.0000,3.00,HOUSEHOLD,405.00,405.81,385.56,0.00,FALSE,20.25,0.00,STATED_AMOUNT,FALSE,EXCESS,50.00,FALSE,,"Jul 05, 2024","Generated from QUOTE policy status, Renters Personal Property Household Liability Coverage selected for sample policy coverage.",51,FALSE,"Jul 05, 2024","Jul 04, 2025",TRUE,COV124,QUOTED,POL000062
POL_ADMIN,LOC000124,AST-POL000063-01,OCCURRENCE,,330000.00,PER_OCCURRENCE,660000.00,66000.00,165000.00,1000.00,FLAT,0.0036,330000.00,DWELLING_VALUE,1188.00,1204.63,1145.23,57.26,FALSE,59.40,0.00,REPLACEMENT_COST,TRUE,PRIMARY,100.00,FALSE,,"Jul 08, 2024","Generated from UNDER_REVIEW policy status, Renters Liability Residential Property Coverage selected for sample policy coverage.",57,FALSE,"Jul 08, 2024","Jul 07, 2025",TRUE,COV125,UW_REVIEW,POL000063
POL_ADMIN,LOC000125,AST-POL000063-02,OCCURRENCE,,360000.00,PER_OCCURRENCE,720000.00,36000.00,360000.00,0.00,FLAT,155.0000,1.00,HOUSEHOLD,155.00,160.58,152.83,7.64,FALSE,7.75,0.00,STATED_AMOUNT,FALSE,EXCESS,50.00,FALSE,,"Jul 08, 2024","Generated from UNDER_REVIEW policy status, Renters Liability Household Liability Coverage selected for sample policy coverage.",68,FALSE,"Jul 08, 2024","Jul 07, 2025",TRUE,COV126,APPROVED,POL000063
POL_ADMIN,LOC000126,AST-POL000063-03,OCCURRENCE,,650000.00,PER_OCCURRENCE,1300000.00,97500.00,325000.00,500.00,FLAT,0.0044,650000.00,DWELLING_VALUE,2860.00,3025.88,3111.68,155.58,FALSE,143.00,228.80,REPLACEMENT_COST,FALSE,UMBRELLA,25.00,FALSE,,"Jul 08, 2024","Generated from UNDER_REVIEW policy status, Renters Liability Residential Property Coverage selected for sample policy coverage.",79,TRUE,"Jul 08, 2024","Jul 07, 2025",TRUE,COV127,UW_REVIEW,POL000063
POL_ADMIN,LOC000127,AST-POL000064-01,OCCURRENCE,,600000.00,PER_OCCURRENCE,1200000.00,60000.00,300000.00,500.00,FLAT,0.0040,600000.00,DWELLING_VALUE,2400.00,2515.20,2479.20,2479.20,TRUE,36.00,0.00,REPLACEMENT_COST,TRUE,PRIMARY,100.00,FALSE,,"Jul 11, 2024","Generated from EXPIRED policy status, Renters Liability Residential Property Coverage selected for sample policy coverage.",74,TRUE,"Jul 11, 2024","Jul 10, 2025",FALSE,COV127,EXPIRED,POL000064
POL_ADMIN,LOC000128,AST-POL000065-01,CLAIMS_MADE,"Jul 14, 2023",650000.00,COMBINED_SINGLE_LIMIT,975000.00,97500.00,650000.00,0.00,FLAT,0.0052,1459824.00,SALES,7591.08,8213.55,8441.29,4642.71,FALSE,379.55,607.29,STATED_AMOUNT,FALSE,PRIMARY,100.00,FALSE,,"Jul 14, 2024","Generated from ACTIVE policy status, Commercial Auto Liability Core Liability Coverage selected for sample policy coverage.",91,TRUE,"Jul 14, 2024","Jul 13, 2025",TRUE,COV001,ACTIVE,POL000065
POL_ADMIN,LOC000129,AST-POL000065-02,OCCURRENCE,,90000.00,PER_OCCURRENCE,180000.00,18000.00,90000.00,1000.00,FLAT,415.0000,14.00,VEHICLE,5810.00,5565.98,5275.48,3323.55,FALSE,290.50,0.00,ACTUAL_CASH_VALUE,FALSE,EXCESS,50.00,TRUE,"Nov 01, 2024","Jul 14, 2024","Generated from ACTIVE policy status, Commercial Auto Liability Vehicle Damage Coverage selected for sample policy coverage.",29,FALSE,"Jul 14, 2024","Jul 13, 2025",TRUE,COV002,ENDORSED,POL000065
POL_ADMIN,LOC000130,AST-POL000066-01,OCCURRENCE,,900000.00,COMBINED_SINGLE_LIMIT,1350000.00,180000.00,900000.00,0.00,FLAT,0.0059,1533415.00,SALES,9047.15,8775.73,8640.03,5443.22,FALSE,135.71,0.00,STATED_AMOUNT,FALSE,PRIMARY,100.00,TRUE,"Nov 04, 2024","Jul 17, 2024","Generated from ACTIVE policy status, Commercial Auto Liability Core Liability Coverage selected for sample policy coverage.",35,FALSE,"Jul 17, 2024","Jul 16, 2025",TRUE,COV003,ENDORSED,POL000066
POL_ADMIN,LOC000131,AST-POL000066-02,OCCURRENCE,,250000.00,PER_OCCURRENCE,500000.00,25000.00,250000.00,500.00,FLAT,470.0000,17.00,VEHICLE,7990.00,7926.08,7806.23,5542.42,FALSE,119.85,0.00,ACTUAL_CASH_VALUE,FALSE,EXCESS,50.00,TRUE,"Nov 05, 2024","Jul 17, 2024","Generated from ACTIVE policy status, Commercial Auto Liability Vehicle Damage Coverage selected for sample policy coverage.",46,FALSE,"Jul 17, 2024","Jul 16, 2025",TRUE,COV004,ACTIVE,POL000066
POL_ADMIN,LOC000132,AST-POL000066-03,OCCURRENCE,,550000.00,COMBINED_SINGLE_LIMIT,825000.00,82500.00,550000.00,0.00,FLAT,0.0073,1583415.00,SALES,11558.93,11720.75,11547.37,9122.42,FALSE,173.38,0.00,STATED_AMOUNT,FALSE,UMBRELLA,25.00,TRUE,"Nov 06, 2024","Jul 17, 2024","Generated from ACTIVE policy status, Commercial Auto Physical Damage Core Liability Coverage selected for sample policy coverage.",57,FALSE,"Jul 17, 2024","Jul 16, 2025",TRUE,COV005,ENDORSED,POL000066
POL_ADMIN,LOC000133,AST-POL000067-01,OCCURRENCE,,500000.00,COMBINED_SINGLE_LIMIT,750000.00,50000.00,500000.00,0.00,FLAT,0.0066,1607006.00,SALES,10606.24,10648.66,10118.35,7184.03,FALSE,530.31,0.00,STATED_AMOUNT,FALSE,PRIMARY,100.00,TRUE,"Nov 08, 2024","Jul 20, 2024","Generated from ISSUED policy status, Commercial Auto Physical Damage Core Liability Coverage selected for sample policy coverage.",52,FALSE,"Jul 20, 2024","Jul 19, 2025",TRUE,COV005,ACTIVE,POL000067
POL_ADMIN,LOC000134,AST-POL000068-01,OCCURRENCE,,1100000.00,COMBINED_SINGLE_LIMIT,1650000.00,165000.00,1100000.00,0.00,FLAT,0.0073,1680597.00,SALES,12268.36,12734.56,12550.53,9914.92,FALSE,184.03,0.00,STATED_AMOUNT,FALSE,PRIMARY,100.00,FALSE,,"Jul 23, 2024","Generated from ISSUED policy status, Commercial Auto Physical Damage Core Liability Coverage selected for sample policy coverage.",69,FALSE,"Jul 23, 2024","Jul 22, 2025",TRUE,COV007,ACTIVE,POL000068
POL_ADMIN,LOC000135,AST-POL000068-02,OCCURRENCE,,300000.00,PER_OCCURRENCE,600000.00,60000.00,300000.00,500.00,FLAT,580.0000,23.00,VEHICLE,13340.00,14140.40,15007.50,8254.13,FALSE,200.10,1067.20,ACTUAL_CASH_VALUE,FALSE,EXCESS,50.00,FALSE,,"Jul 23, 2024","Generated from ISSUED policy status, Commercial Auto Physical Damage Vehicle Damage Coverage selected for sample policy coverage.",80,TRUE,"Jul 23, 2024","Jul 22, 2025",TRUE,COV008,ACTIVE,POL000068
POL_ADMIN,LOC000136,AST-POL000069-01,CLAIMS_MADE,"Jul 26, 2023",600000.00,COMBINED_SINGLE_LIMIT,900000.00,120000.00,600000.00,0.00,FLAT,0.0080,1754188.00,SALES,14033.50,15043.92,15464.92,8505.71,FALSE,701.68,1122.68,STATED_AMOUNT,FALSE,PRIMARY,100.00,FALSE,,"Jul 26, 2024","Generated from RENEWAL_PENDING policy status, Fleet Liability Core Liability Coverage selected for sample policy coverage.",86,TRUE,"Jul 26, 2024","Jul 25, 2025",TRUE,COV009,ACTIVE,POL000069
POL_ADMIN,LOC000137,AST-POL000069-02,OCCURRENCE,,130000.00,PER_OCCURRENCE,260000.00,13000.00,130000.00,1000.00,FLAT,635.0000,26.00,VEHICLE,16510.00,18061.94,18557.24,11691.06,FALSE,825.50,1320.80,ACTUAL_CASH_VALUE,FALSE,EXCESS,50.00,TRUE,"Nov 17, 2024","Jul 26, 2024","Generated from RENEWAL_PENDING policy status, Fleet Liability Vehicle Damage Coverage selected for sample policy coverage.",97,TRUE,"Jul 26, 2024","Jul 25, 2025",TRUE,COV010,ENDORSED,POL000069
POL_ADMIN,LOC000138,AST-POL000069-03,OCCURRENCE,,900000.00,COMBINED_SINGLE_LIMIT,1350000.00,135000.00,900000.00,0.00,FLAT,0.0045,1804188.00,SALES,8118.85,7875.28,7469.34,5303.23,FALSE,405.94,0.00,STATED_AMOUNT,FALSE,UMBRELLA,25.00,FALSE,,"Jul 26, 2024","Generated from RENEWAL_PENDING policy status, Fleet Liability Core Liability Coverage selected for sample policy coverage.",35,FALSE,"Jul 26, 2024","Jul 25, 2025",TRUE,COV011,ACTIVE,POL000069
POL_ADMIN,LOC000139,AST-POL000070-01,OCCURRENCE,,1300000.00,COMBINED_SINGLE_LIMIT,1950000.00,130000.00,1300000.00,0.00,FLAT,0.0087,1827779.00,SALES,15901.68,15265.61,15027.09,0.00,FALSE,238.53,0.00,STATED_AMOUNT,FALSE,PRIMARY,100.00,FALSE,,"Jul 29, 2024","Generated from QUOTE policy status, Fleet Liability Core Liability Coverage selected for sample policy coverage.",30,FALSE,"Jul 29, 2024","Jul 28, 2025",TRUE,COV011,REQUESTED,POL000070
POL_ADMIN,LOC000140,AST-POL000071-01,OCCURRENCE,,450000.00,COMBINED_SINGLE_LIMIT,675000.00,67500.00,450000.00,0.00,FLAT,0.0045,1901370.00,SALES,8556.16,8504.83,8077.02,403.85,FALSE,427.81,0.00,STATED_AMOUNT,FALSE,PRIMARY,100.00,FALSE,,"Aug 01, 2024","Generated from UNDER_REVIEW policy status, Fleet Physical Damage Core Liability Coverage selected for sample policy coverage.",47,FALSE,"Aug 01, 2024","Jul 31, 2025",TRUE,COV013,UW_REVIEW,POL000071
POL_ADMIN,LOC000141,AST-POL000071-02,OCCURRENCE,,100000.00,PER_OCCURRENCE,200000.00,20000.00,100000.00,1000.00,FLAT,745.0000,2.00,VEHICLE,1490.00,1513.84,1439.34,71.97,FALSE,74.50,0.00,ACTUAL_CASH_VALUE,FALSE,EXCESS,50.00,FALSE,,"Aug 01, 2024","Generated from UNDER_REVIEW policy status, Fleet Physical Damage Vehicle Damage Coverage selected for sample policy coverage.",58,FALSE,"Aug 01, 2024","Jul 31, 2025",TRUE,COV014,APPROVED,POL000071
POL_ADMIN,LOC000142,AST-POL000072-01,OCCURRENCE,,1000000.00,COMBINED_SINGLE_LIMIT,1500000.00,200000.00,1000000.00,0.00,FLAT,0.0052,1974961.00,SALES,10269.80,10557.35,10403.30,10403.30,TRUE,154.05,0.00,STATED_AMOUNT,FALSE,PRIMARY,100.00,FALSE,,"Aug 04, 2024","Generated from EXPIRED policy status, Fleet Physical Damage Core Liability Coverage selected for sample policy coverage.",64,FALSE,"Aug 04, 2024","Aug 03, 2025",FALSE,COV015,EXPIRED,POL000072
POL_ADMIN,LOC000143,AST-POL000072-02,OCCURRENCE,,275000.00,PER_OCCURRENCE,550000.00,27500.00,275000.00,500.00,FLAT,360.0000,5.00,VEHICLE,1800.00,1890.00,2007.00,2007.00,TRUE,27.00,144.00,ACTUAL_CASH_VALUE,FALSE,EXCESS,50.00,FALSE,,"Aug 04, 2024","Generated from EXPIRED policy status, Fleet Physical Damage Vehicle Damage Coverage selected for sample policy coverage.",75,TRUE,"Aug 04, 2024","Aug 03, 2025",FALSE,COV016,EXPIRED,POL000072
POL_ADMIN,LOC000144,AST-POL000072-03,OCCURRENCE,,600000.00,COMBINED_SINGLE_LIMIT,900000.00,90000.00,600000.00,0.00,FLAT,0.0066,274961.00,SALES,1814.74,1945.40,2063.36,2063.36,TRUE,27.22,145.18,STATED_AMOUNT,FALSE,UMBRELLA,25.00,FALSE,,"Aug 04, 2024","Generated from EXPIRED policy status, Hired and Non-Owned Liability Core Liability Coverage selected for sample policy coverage.",86,TRUE,"Aug 04, 2024","Aug 03, 2025",FALSE,COV017,EXPIRED,POL000072
POL_ADMIN,LOC000145,AST-POL000073-01,CLAIMS_MADE,"Aug 07, 2023",550000.00,COMBINED_SINGLE_LIMIT,825000.00,55000.00,550000.00,0.00,FLAT,0.0059,298552.00,SALES,1761.46,1870.67,1923.51,1057.93,FALSE,88.07,140.92,STATED_AMOUNT,FALSE,PRIMARY,100.00,FALSE,,"Aug 07, 2024","Generated from ACTIVE policy status, Hired and Non-Owned Liability Core Liability Coverage selected for sample policy coverage.",81,TRUE,"Aug 07, 2024","Aug 06, 2025",TRUE,COV017,ACTIVE,POL000073
POL_ADMIN,LOC000146,AST-POL000074-01,OCCURRENCE,,1200000.00,COMBINED_SINGLE_LIMIT,1800000.00,180000.00,1200000.00,0.00,FLAT,0.0066,372143.00,SALES,2456.14,2333.34,2296.49,1446.79,FALSE,36.84,0.00,STATED_AMOUNT,FALSE,PRIMARY,100.00,TRUE,"Dec 06, 2024","Aug 10, 2024","Generated from ACTIVE policy status, Hired and Non-Owned Liability Core Liability Coverage selected for sample policy coverage.",25,FALSE,"Aug 10, 2024","Aug 09, 2025",TRUE,COV019,ENDORSED,POL000074
POL_ADMIN,LOC000147,AST-POL000074-02,OCCURRENCE,,325000.00,PER_OCCURRENCE,650000.00,65000.00,325000.00,500.00,FLAT,470.0000,11.00,VEHICLE,5170.00,5025.24,4947.69,3512.86,FALSE,77.55,0.00,ACTUAL_CASH_VALUE,FALSE,EXCESS,50.00,FALSE,,"Aug 10, 2024","Generated from ACTIVE policy status, Hired and Non-Owned Liability Vehicle Damage Coverage selected for sample policy coverage.",36,FALSE,"Aug 10, 2024","Aug 09, 2025",TRUE,COV020,ACTIVE,POL000074
POL_ADMIN,LOC000148,AST-POL000075-01,OCCURRENCE,,650000.00,COMBINED_SINGLE_LIMIT,975000.00,130000.00,650000.00,0.00,FLAT,0.0073,445734.00,SALES,3253.86,3201.80,3039.10,2157.76,FALSE,162.69,0.00,STATED_AMOUNT,FALSE,PRIMARY,100.00,FALSE,,"Aug 13, 2024","Generated from ACTIVE policy status, Hired and Non-Owned Excess Liability Core Liability Coverage selected for sample policy coverage.",42,FALSE,"Aug 13, 2024","Aug 12, 2025",TRUE,COV021,ACTIVE,POL000075
POL_ADMIN,LOC000149,AST-POL000075-02,OCCURRENCE,,90000.00,PER_OCCURRENCE,180000.00,9000.00,90000.00,1000.00,FLAT,525.0000,14.00,VEHICLE,7350.00,7394.10,7026.60,5551.01,FALSE,367.50,0.00,ACTUAL_CASH_VALUE,FALSE,EXCESS,50.00,TRUE,"Dec 11, 2024","Aug 13, 2024","Generated from ACTIVE policy status, Hired and Non-Owned Excess Liability Vehicle Damage Coverage selected for sample policy coverage.",53,FALSE,"Aug 13, 2024","Aug 12, 2025",TRUE,COV022,ENDORSED,POL000075
POL_ADMIN,LOC000150,AST-POL000075-03,CLAIMS_MADE,"Aug 13, 2023",1000000.00,COMBINED_SINGLE_LIMIT,1500000.00,150000.00,1000000.00,0.00,FLAT,0.0087,495734.00,SALES,4312.89,4433.65,4218.00,2319.90,FALSE,215.64,0.00,STATED_AMOUNT,FALSE,UMBRELLA,25.00,FALSE,,"Aug 13, 2024","Generated from ACTIVE policy status, Hired and Non-Owned Excess Liability Core Liability Coverage selected for sample policy coverage.",64,FALSE,"Aug 13, 2024","Aug 12, 2025",TRUE,COV023,ACTIVE,POL000075
POL_ADMIN,LOC000151,AST-POL000076-01,OCCURRENCE,,900000.00,COMBINED_SINGLE_LIMIT,1350000.00,90000.00,900000.00,0.00,FLAT,0.0080,519325.00,SALES,4154.60,4229.38,4167.06,3291.98,FALSE,62.32,0.00,STATED_AMOUNT,FALSE,PRIMARY,100.00,FALSE,,"Aug 16, 2024","Generated from ISSUED policy status, Hired and Non-Owned Excess Liability Core Liability Coverage selected for sample policy coverage.",59,FALSE,"Aug 16, 2024","Aug 15, 2025",TRUE,COV023,ACTIVE,POL000076
POL_ADMIN,LOC000152,AST-POL000077-01,CLAIMS_MADE,"Aug 19, 2023",500000.00,COMBINED_SINGLE_LIMIT,750000.00,75000.00,500000.00,0.00,FLAT,0.0087,592916.00,SALES,5158.37,5426.60,5581.36,3069.75,FALSE,257.92,412.67,STATED_AMOUNT,FALSE,PRIMARY,100.00,FALSE,,"Aug 19, 2024","Generated from RENEWAL_PENDING policy status, Trucking Liability Core Liability Coverage selected for sample policy coverage.",76,TRUE,"Aug 19, 2024","Aug 18, 2025",TRUE,COV025,ACTIVE,POL000077
POL_ADMIN,LOC000153,AST-POL000077-02,OCCURRENCE,,110000.00,PER_OCCURRENCE,220000.00,22000.00,110000.00,1000.00,FLAT,635.0000,20.00,VEHICLE,12700.00,13639.80,14020.80,8833.10,FALSE,635.00,1016.00,ACTUAL_CASH_VALUE,FALSE,EXCESS,50.00,TRUE,"Dec 19, 2024","Aug 19, 2024","Generated from RENEWAL_PENDING policy status, Trucking Liability Vehicle Damage Coverage selected for sample policy coverage.",87,TRUE,"Aug 19, 2024","Aug 18, 2025",TRUE,COV026,ENDORSED,POL000077
POL_ADMIN,LOC000154,AST-POL000078-01,OCCURRENCE,,1100000.00,COMBINED_SINGLE_LIMIT,1650000.00,220000.00,1100000.00,0.00,FLAT,0.0045,666507.00,SALES,2999.28,3257.22,3347.20,2108.73,FALSE,149.96,239.94,STATED_AMOUNT,FALSE,PRIMARY,100.00,TRUE,"Dec 22, 2024","Aug 22, 2024","Generated from REINSTATED policy status, Trucking Liability Core Liability Coverage selected for sample policy coverage.",93,TRUE,"Aug 22, 2024","Aug 21, 2025",TRUE,COV027,ACTIVE,POL000078
POL_ADMIN,LOC000155,AST-POL000078-02,OCCURRENCE,,300000.00,PER_OCCURRENCE,600000.00,30000.00,300000.00,500.00,FLAT,690.0000,23.00,VEHICLE,15870.00,15266.94,14473.44,10276.14,FALSE,793.50,0.00,ACTUAL_CASH_VALUE,FALSE,EXCESS,50.00,FALSE,,"Aug 22, 2024","Generated from REINSTATED policy status, Trucking Liability Vehicle Damage Coverage selected for sample policy coverage.",31,FALSE,"Aug 22, 2024","Aug 21, 2025",TRUE,COV028,REINSTATED,POL000078
POL_ADMIN,LOC000156,AST-POL000078-03,OCCURRENCE,,650000.00,COMBINED_SINGLE_LIMIT,975000.00,97500.00,650000.00,0.00,FLAT,0.0059,716507.00,SALES,4227.39,4159.75,3948.38,3119.22,FALSE,211.37,0.00,STATED_AMOUNT,FALSE,UMBRELLA,25.00,FALSE,,"Aug 22, 2024","Generated from REINSTATED policy status, Truckers Cargo Coverage Core Liability Coverage selected for sample policy coverage.",42,FALSE,"Aug 22, 2024","Aug 21, 2025",TRUE,COV029,ACTIVE,POL000078
POL_ADMIN,LOC000157,AST-POL000079-01,OCCURRENCE,,600000.00,COMBINED_SINGLE_LIMIT,900000.00,60000.00,600000.00,0.00,FLAT,0.0052,740098.00,SALES,3848.51,3748.45,3556.02,177.80,FALSE,192.43,0.00,STATED_AMOUNT,FALSE,PRIMARY,100.00,FALSE,,"Aug 25, 2024","Generated from UNDER_REVIEW policy status, Truckers Cargo Coverage Core Liability Coverage selected for sample policy coverage.",37,FALSE,"Aug 25, 2024","Aug 24, 2025",TRUE,COV029,UW_REVIEW,POL000079
POL_ADMIN,LOC000158,AST-POL000080-01,OCCURRENCE,,1300000.00,COMBINED_SINGLE_LIMIT,1950000.00,195000.00,1300000.00,0.00,FLAT,0.0059,813689.00,SALES,4800.77,4839.17,4767.16,4767.16,TRUE,72.01,0.00,STATED_AMOUNT,FALSE,PRIMARY,100.00,FALSE,,"Aug 28, 2024","Generated from CANCELLED policy status, Truckers Cargo Coverage Core Liability Coverage selected for sample policy coverage.",54,FALSE,"Aug 28, 2024","Jan 15, 2025",FALSE,COV031,CANCELLED,POL000080
POL_ADMIN,LOC000159,AST-POL000080-02,OCCURRENCE,,225000.00,PER_OCCURRENCE,450000.00,45000.00,225000.00,500.00,FLAT,360.0000,29.00,VEHICLE,10440.00,10753.20,10596.60,10596.60,TRUE,156.60,0.00,ACTUAL_CASH_VALUE,FALSE,EXCESS,50.00,FALSE,,"Aug 28, 2024","Generated from CANCELLED policy status, Truckers Cargo Coverage Vehicle Damage Coverage selected for sample policy coverage.",65,FALSE,"Aug 28, 2024","Jan 15, 2025",FALSE,COV032,CANCELLED,POL000080
POL_ADMIN,LOC000160,AST-POL000081-01,OCCURRENCE,,450000.00,PER_OCCURRENCE,900000.00,90000.00,225000.00,2500.00,FLAT,0.0044,450000.00,INSURED_VALUE,1980.00,2063.16,1964.16,1080.29,FALSE,99.00,0.00,AGREED_VALUE,TRUE,PRIMARY,100.00,FALSE,,"Aug 31, 2024","Generated from ACTIVE policy status, Building Basic Perils Covered Property Coverage selected for sample policy coverage.",71,FALSE,"Aug 31, 2024","Aug 30, 2025",TRUE,COV033,ACTIVE,POL000081
POL_ADMIN,LOC000161,AST-POL000081-02,OCCURRENCE,,100000.00,AGGREGATE,100000.00,10000.00,100000.00,0.00,FRANCHISE,0.0030,584040.00,GROSS_EARNINGS,1752.12,1864.26,1916.82,1207.60,FALSE,87.61,140.17,ACTUAL_CASH_VALUE,FALSE,EXCESS,50.00,TRUE,"Jan 04, 2025","Aug 31, 2024","Generated from ACTIVE policy status, Building Basic Perils Income Protection Coverage selected for sample policy coverage.",82,TRUE,"Aug 31, 2024","Aug 30, 2025",TRUE,COV034,ENDORSED,POL000081
POL_ADMIN,LOC000162,AST-POL000081-03,OCCURRENCE,,1100000.00,PER_OCCURRENCE,2200000.00,165000.00,550000.00,1000.00,FLAT,0.0056,1100000.00,INSURED_VALUE,6160.00,6689.76,6874.56,4880.94,FALSE,308.00,492.80,AGREED_VALUE,FALSE,UMBRELLA,25.00,FALSE,,"Aug 31, 2024","Generated from ACTIVE policy status, Building Basic Perils Covered Property Coverage selected for sample policy coverage.",93,TRUE,"Aug 31, 2024","Aug 30, 2025",TRUE,COV035,ACTIVE,POL000081
POL_ADMIN,LOC000163,AST-POL000082-01,OCCURRENCE,,1000000.00,PER_OCCURRENCE,2000000.00,100000.00,500000.00,1000.00,FLAT,0.0050,1000000.00,INSURED_VALUE,5000.00,5380.00,5530.00,3483.90,FALSE,250.00,400.00,REPLACEMENT_COST,TRUE,PRIMARY,100.00,TRUE,"Jan 07, 2025","Sep 03, 2024","Generated from ACTIVE policy status, Building Basic Perils Covered Property Coverage selected for sample policy coverage.",88,TRUE,"Sep 03, 2024","Sep 02, 2025",TRUE,COV035,ENDORSED,POL000082
POL_ADMIN,LOC000164,AST-POL000083-01,OCCURRENCE,,550000.00,PER_OCCURRENCE,1100000.00,82500.00,275000.00,2500.00,FLAT,0.0056,550000.00,INSURED_VALUE,3080.00,2969.12,2815.12,1998.74,FALSE,154.00,0.00,REPLACEMENT_COST,TRUE,PRIMARY,100.00,FALSE,,"Sep 06, 2024","Generated from ACTIVE policy status, Building Special Perils Covered Property Coverage selected for sample policy coverage.",32,FALSE,"Sep 06, 2024","Sep 05, 2025",TRUE,COV037,ACTIVE,POL000083
POL_ADMIN,LOC000165,AST-POL000083-02,OCCURRENCE,,120000.00,AGGREGATE,120000.00,24000.00,120000.00,0.00,FRANCHISE,0.0040,668266.00,GROSS_EARNINGS,2673.06,2635.64,2501.99,1976.57,FALSE,133.65,0.00,AGREED_VALUE,FALSE,EXCESS,50.00,TRUE,"Jan 12, 2025","Sep 06, 2024","Generated from ACTIVE policy status, Building Special Perils Income Protection Coverage selected for sample policy coverage.",43,FALSE,"Sep 06, 2024","Sep 05, 2025",TRUE,COV038,ENDORSED,POL000083
POL_ADMIN,LOC000166,AST-POL000084-01,OCCURRENCE,,1200000.00,PER_OCCURRENCE,2400000.00,240000.00,600000.00,1000.00,FLAT,0.0062,1200000.00,INSURED_VALUE,7440.00,7425.12,7313.52,5777.68,FALSE,111.60,0.00,REPLACEMENT_COST,TRUE,PRIMARY,100.00,FALSE,,"Sep 09, 2024","Generated from ISSUED policy status, Building Special Perils Covered Property Coverage selected for sample policy coverage.",49,FALSE,"Sep 09, 2024","Sep 08, 2025",TRUE,COV039,ACTIVE,POL000084
POL_ADMIN,LOC000167,AST-POL000084-02,OCCURRENCE,,325000.00,AGGREGATE,325000.00,32500.00,325000.00,0.00,FRANCHISE,0.0045,710379.00,GROSS_EARNINGS,3196.71,3260.64,3212.69,1766.98,FALSE,47.95,0.00,STATED_AMOUNT,FALSE,EXCESS,50.00,FALSE,,"Sep 09, 2024","Generated from ISSUED policy status, Building Special Perils Income Protection Coverage selected for sample policy coverage.",60,FALSE,"Sep 09, 2024","Sep 08, 2025",TRUE,COV040,ACTIVE,POL000084
POL_ADMIN,LOC000168,AST-POL000084-03,OCCURRENCE,,450000.00,PER_OCCURRENCE,900000.00,67500.00,225000.00,2500.00,FLAT,0.0038,450000.00,INSURED_VALUE,1710.00,1781.82,1756.17,1106.39,FALSE,25.65,0.00,REPLACEMENT_COST,FALSE,UMBRELLA,25.00,FALSE,,"Sep 09, 2024","Generated from ISSUED policy status, Business Contents Coverage Covered Property Coverage selected for sample policy coverage.",71,FALSE,"Sep 09, 2024","Sep 08, 2025",TRUE,COV041,ACTIVE,POL000084
POL_ADMIN,LOC000169,AST-POL000085-01,OCCURRENCE,,650000.00,PER_OCCURRENCE,1300000.00,65000.00,325000.00,2500.00,FLAT,0.0032,650000.00,INSURED_VALUE,2080.00,2146.56,2042.56,306.38,FALSE,104.00,0.00,AGREED_VALUE,TRUE,PRIMARY,100.00,FALSE,,"Sep 12, 2024","Generated from BOUND policy status, Business Contents Coverage Covered Property Coverage selected for sample policy coverage.",66,FALSE,"Sep 12, 2024","Sep 11, 2025",TRUE,COV041,BOUND,POL000085
POL_ADMIN,LOC000170,AST-POL000086-01,OCCURRENCE,,900000.00,PER_OCCURRENCE,1800000.00,135000.00,450000.00,1000.00,FLAT,0.0038,900000.00,INSURED_VALUE,3420.00,3645.72,3748.32,2361.44,FALSE,171.00,273.60,REPLACEMENT_COST,TRUE,PRIMARY,100.00,FALSE,,"Sep 15, 2024","Generated from REINSTATED policy status, Business Contents Coverage Covered Property Coverage selected for sample policy coverage.",83,TRUE,"Sep 15, 2024","Sep 14, 2025",TRUE,COV043,ACTIVE,POL000086
POL_ADMIN,LOC000171,AST-POL000086-02,OCCURRENCE,,250000.00,AGGREGATE,250000.00,50000.00,250000.00,0.00,FRANCHISE,0.0030,794605.00,GROSS_EARNINGS,2383.82,2593.59,2665.11,1892.22,FALSE,119.19,190.71,REPLACEMENT_COST,FALSE,EXCESS,50.00,FALSE,,"Sep 15, 2024","Generated from REINSTATED policy status, Business Contents Coverage Income Protection Coverage selected for sample policy coverage.",94,TRUE,"Sep 15, 2024","Sep 14, 2025",TRUE,COV044,REINSTATED,POL000086
POL_ADMIN,LOC000172,AST-POL000087-01,OCCURRENCE,,500000.00,PER_OCCURRENCE,1000000.00,100000.00,250000.00,2500.00,FLAT,0.0044,500000.00,INSURED_VALUE,2200.00,2098.80,1988.80,0.00,FALSE,110.00,0.00,REPLACEMENT_COST,TRUE,PRIMARY,100.00,FALSE,,"Sep 18, 2024","Generated from APPLICATION policy status, Business Equipment Coverage Covered Property Coverage selected for sample policy coverage.",27,FALSE,"Sep 18, 2024","Sep 17, 2025",TRUE,COV045,REQUESTED,POL000087
POL_ADMIN,LOC000173,AST-POL000087-02,OCCURRENCE,,110000.00,AGGREGATE,110000.00,11000.00,110000.00,0.00,FRANCHISE,0.0035,836718.00,GROSS_EARNINGS,2928.51,2858.23,2711.80,135.59,FALSE,146.43,0.00,AGREED_VALUE,FALSE,EXCESS,50.00,FALSE,,"Sep 18, 2024","Generated from APPLICATION policy status, Business Equipment Coverage Income Protection Coverage selected for sample policy coverage.",38,FALSE,"Sep 18, 2024","Sep 17, 2025",TRUE,COV046,UW_REVIEW,POL000087
POL_ADMIN,LOC000174,AST-POL000087-03,OCCURRENCE,,1200000.00,PER_OCCURRENCE,2400000.00,180000.00,600000.00,1000.00,FLAT,0.0056,1200000.00,INSURED_VALUE,6720.00,6706.56,6370.56,0.00,FALSE,336.00,0.00,REPLACEMENT_COST,FALSE,UMBRELLA,25.00,TRUE,"Jan 29, 2025","Sep 18, 2024","Generated from APPLICATION policy status, Business Equipment Coverage Covered Property Coverage selected for sample policy coverage.",49,FALSE,"Sep 18, 2024","Sep 17, 2025",TRUE,COV047,REQUESTED,POL000087
POL_ADMIN,LOC000175,AST-POL000088-01,OCCURRENCE,,1100000.00,PER_OCCURRENCE,2200000.00,110000.00,550000.00,1000.00,FLAT,0.0050,1100000.00,INSURED_VALUE,5500.00,5434.00,5351.50,5351.50,TRUE,82.50,0.00,REPLACEMENT_COST,TRUE,PRIMARY,100.00,FALSE,,"Sep 21, 2024","Generated from CANCELLED policy status, Business Equipment Coverage Covered Property Coverage selected for sample policy coverage.",44,FALSE,"Sep 21, 2024","Feb 16, 2025",FALSE,COV047,CANCELLED,POL000088
POL_ADMIN,LOC000176,AST-POL000089-01,OCCURRENCE,,600000.00,PER_OCCURRENCE,1200000.00,90000.00,300000.00,2500.00,FLAT,0.0056,600000.00,INSURED_VALUE,3360.00,3433.92,3265.92,1796.26,FALSE,168.00,0.00,AGREED_VALUE,TRUE,PRIMARY,100.00,TRUE,"Feb 04, 2025","Sep 24, 2024","Generated from ACTIVE policy status, Business Income Coverage Covered Property Coverage selected for sample policy coverage.",61,FALSE,"Sep 24, 2024","Sep 23, 2025",TRUE,COV049,ACTIVE,POL000089
POL_ADMIN,LOC000177,AST-POL000089-02,OCCURRENCE,,130000.00,AGGREGATE,130000.00,26000.00,130000.00,0.00,FRANCHISE,0.0045,920944.00,GROSS_EARNINGS,4144.25,4326.59,4119.38,2595.21,FALSE,207.21,0.00,ACTUAL_CASH_VALUE,FALSE,EXCESS,50.00,TRUE,"Feb 05, 2025","Sep 24, 2024","Generated from ACTIVE policy status, Business Income Coverage Income Protection Coverage selected for sample policy coverage.",72,TRUE,"Sep 24, 2024","Sep 23, 2025",TRUE,COV050,ENDORSED,POL000089
POL_ADMIN,LOC000178,AST-POL000090-01,OCCURRENCE,,1300000.00,PER_OCCURRENCE,2600000.00,260000.00,650000.00,1000.00,FLAT,0.0062,1300000.00,INSURED_VALUE,8060.00,8511.36,9035.26,5692.21,FALSE,120.90,644.80,REPLACEMENT_COST,TRUE,PRIMARY,100.00,TRUE,"Feb 08, 2025","Sep 27, 2024","Generated from ACTIVE policy status, Business Income Coverage Covered Property Coverage selected for sample policy coverage.",78,TRUE,"Sep 27, 2024","Sep 26, 2025",TRUE,COV051,ENDORSED,POL000090
POL_ADMIN,LOC000179,AST-POL000090-02,DISCOVERY,,225000.00,AGGREGATE,225000.00,22500.00,225000.00,0.00,FRANCHISE,0.0025,963057.00,GROSS_EARNINGS,2407.64,2595.44,2751.94,1953.87,FALSE,36.11,192.61,REPLACEMENT_COST,FALSE,EXCESS,50.00,FALSE,,"Sep 27, 2024","Generated from ACTIVE policy status, Business Income Coverage Income Protection Coverage selected for sample policy coverage.",89,TRUE,"Sep 27, 2024","Sep 26, 2025",TRUE,COV052,ACTIVE,POL000090
POL_ADMIN,LOC000180,AST-POL000090-03,OCCURRENCE,,500000.00,PER_OCCURRENCE,1000000.00,75000.00,250000.00,2500.00,FLAT,0.0038,500000.00,INSURED_VALUE,1900.00,1812.60,1784.10,1409.44,FALSE,28.50,0.00,REPLACEMENT_COST,FALSE,UMBRELLA,25.00,TRUE,"Feb 10, 2025","Sep 27, 2024","Generated from ACTIVE policy status, Extra Expense Coverage Covered Property Coverage selected for sample policy coverage.",27,FALSE,"Sep 27, 2024","Sep 26, 2025",TRUE,COV053,ENDORSED,POL000090
POL_ADMIN,LOC000181,AST-POL000091-01,OCCURRENCE,,450000.00,PER_OCCURRENCE,900000.00,45000.00,225000.00,2500.00,FLAT,0.0032,450000.00,INSURED_VALUE,1440.00,1569.60,1612.80,1145.09,FALSE,72.00,115.20,REPLACEMENT_COST,TRUE,PRIMARY,100.00,FALSE,,"Sep 30, 2024","Generated from ACTIVE policy status, Extra Expense Coverage Covered Property Coverage selected for sample policy coverage.",95,TRUE,"Sep 30, 2024","Sep 29, 2025",TRUE,COV053,ACTIVE,POL000091
POL_ADMIN,LOC000182,AST-POL000092-01,OCCURRENCE,,1000000.00,PER_OCCURRENCE,2000000.00,150000.00,500000.00,1000.00,FLAT,0.0038,1000000.00,INSURED_VALUE,3800.00,3716.40,3659.40,2890.93,FALSE,57.00,0.00,REPLACEMENT_COST,TRUE,PRIMARY,100.00,FALSE,,"Oct 03, 2024","Generated from ISSUED policy status, Extra Expense Coverage Covered Property Coverage selected for sample policy coverage.",39,FALSE,"Oct 03, 2024","Oct 02, 2025",TRUE,COV055,ACTIVE,POL000092
POL_ADMIN,LOC000183,AST-POL000092-02,OCCURRENCE,,275000.00,AGGREGATE,275000.00,55000.00,275000.00,0.00,FRANCHISE,0.0035,97283.00,GROSS_EARNINGS,340.49,340.49,335.38,184.46,FALSE,5.11,0.00,STATED_AMOUNT,FALSE,EXCESS,50.00,FALSE,,"Oct 03, 2024","Generated from ISSUED policy status, Extra Expense Coverage Income Protection Coverage selected for sample policy coverage.",50,FALSE,"Oct 03, 2024","Oct 02, 2025",TRUE,COV056,ACTIVE,POL000092
POL_ADMIN,LOC000184,AST-POL000093-01,OCCURRENCE,,550000.00,PER_OCCURRENCE,1100000.00,110000.00,275000.00,2500.00,FLAT,0.0044,550000.00,INSURED_VALUE,2420.00,2449.04,2328.04,349.21,FALSE,121.00,0.00,AGREED_VALUE,TRUE,PRIMARY,100.00,FALSE,,"Oct 06, 2024","Generated from BOUND policy status, Special Form All Risk Property Covered Property Coverage selected for sample policy coverage.",56,FALSE,"Oct 06, 2024","Oct 05, 2025",TRUE,COV057,BOUND,POL000093
POL_ADMIN,LOC000185,AST-POL000093-02,OCCURRENCE,,120000.00,AGGREGATE,120000.00,12000.00,120000.00,0.00,FRANCHISE,0.0040,139396.00,GROSS_EARNINGS,557.58,576.54,548.66,82.30,FALSE,27.88,0.00,ACTUAL_CASH_VALUE,FALSE,EXCESS,50.00,FALSE,,"Oct 06, 2024","Generated from BOUND policy status, Special Form All Risk Property Income Protection Coverage selected for sample policy coverage.",67,FALSE,"Oct 06, 2024","Oct 05, 2025",TRUE,COV058,BOUND,POL000093
POL_ADMIN,LOC000186,AST-POL000093-03,OCCURRENCE,,1300000.00,PER_OCCURRENCE,2600000.00,195000.00,650000.00,1000.00,FLAT,0.0056,1300000.00,INSURED_VALUE,7280.00,7687.68,7906.08,1185.91,FALSE,364.00,582.40,AGREED_VALUE,FALSE,UMBRELLA,25.00,FALSE,,"Oct 06, 2024","Generated from BOUND policy status, Special Form All Risk Property Covered Property Coverage selected for sample policy coverage.",78,TRUE,"Oct 06, 2024","Oct 05, 2025",TRUE,COV059,BOUND,POL000093
POL_ADMIN,LOC000187,AST-POL000094-01,OCCURRENCE,,1200000.00,PER_OCCURRENCE,2400000.00,120000.00,600000.00,1000.00,FLAT,0.0050,1200000.00,INSURED_VALUE,6000.00,6276.00,6186.00,3897.18,FALSE,90.00,0.00,REPLACEMENT_COST,TRUE,PRIMARY,100.00,FALSE,,"Oct 09, 2024","Generated from REINSTATED policy status, Special Form All Risk Property Covered Property Coverage selected for sample policy coverage.",73,TRUE,"Oct 09, 2024","Oct 08, 2025",TRUE,COV059,ACTIVE,POL000094
POL_ADMIN,LOC000188,AST-POL000095-01,OCCURRENCE,,650000.00,AGGREGATE,650000.00,97500.00,325000.00,2.00,PERCENTAGE,0.0056,650000.00,INSURED_VALUE,3640.00,3931.20,4040.40,0.00,FALSE,182.00,291.20,REPLACEMENT_COST,TRUE,PRIMARY,100.00,FALSE,,"Oct 12, 2024","Generated from APPLICATION policy status, Special Form Catastrophe Extension Covered Property Coverage selected for sample policy coverage.",90,TRUE,"Oct 12, 2024","Oct 11, 2025",TRUE,COV061,REQUESTED,POL000095
POL_ADMIN,LOC000189,AST-POL000095-02,DISCOVERY,,90000.00,AGGREGATE,90000.00,18000.00,90000.00,0.00,FRANCHISE,0.0025,223622.00,GROSS_EARNINGS,559.06,534.46,506.50,25.33,FALSE,27.95,0.00,AGREED_VALUE,FALSE,EXCESS,50.00,FALSE,,"Oct 12, 2024","Generated from APPLICATION policy status, Special Form Catastrophe Extension Income Protection Coverage selected for sample policy coverage.",28,FALSE,"Oct 12, 2024","Oct 11, 2025",TRUE,COV062,UW_REVIEW,POL000095
POL_ADMIN,LOC000190,AST-POL000096-01,OCCURRENCE,,900000.00,AGGREGATE,900000.00,180000.00,450000.00,1.00,PERCENTAGE,0.0062,900000.00,INSURED_VALUE,5580.00,5401.44,5317.74,5317.74,TRUE,83.70,0.00,REPLACEMENT_COST,TRUE,PRIMARY,100.00,FALSE,,"Oct 15, 2024","Generated from CANCELLED policy status, Special Form Catastrophe Extension Covered Property Coverage selected for sample policy coverage.",34,FALSE,"Oct 15, 2024","Mar 20, 2025",FALSE,COV063,CANCELLED,POL000096
POL_ADMIN,LOC000191,AST-POL000096-02,OCCURRENCE,,250000.00,AGGREGATE,250000.00,25000.00,250000.00,0.00,FRANCHISE,0.0030,265735.00,GROSS_EARNINGS,797.21,789.23,777.27,777.27,TRUE,11.96,0.00,STATED_AMOUNT,FALSE,EXCESS,50.00,FALSE,,"Oct 15, 2024","Generated from CANCELLED policy status, Special Form Catastrophe Extension Income Protection Coverage selected for sample policy coverage.",45,FALSE,"Oct 15, 2024","Mar 20, 2025",FALSE,COV064,CANCELLED,POL000096
POL_ADMIN,LOC000192,AST-POL000096-03,OCCURRENCE,,550000.00,COMBINED_SINGLE_LIMIT,825000.00,82500.00,550000.00,0.00,FLAT,0.0087,291145.00,SALES,2532.96,2563.36,2525.36,2525.36,TRUE,37.99,0.00,STATED_AMOUNT,FALSE,UMBRELLA,25.00,FALSE,,"Oct 15, 2024","Generated from CANCELLED policy status, Personal Auto Liability Core Liability Coverage selected for sample policy coverage.",56,FALSE,"Oct 15, 2024","Mar 20, 2025",FALSE,COV065,CANCELLED,POL000096
POL_ADMIN,LOC000193,AST-POL000097-01,CLAIMS_MADE,"Oct 18, 2023",500000.00,COMBINED_SINGLE_LIMIT,750000.00,50000.00,500000.00,0.00,FLAT,0.0080,314736.00,SALES,2517.89,2522.92,2397.03,1318.37,FALSE,125.89,0.00,STATED_AMOUNT,FALSE,PRIMARY,100.00,FALSE,,"Oct 18, 2024","Generated from ACTIVE policy status, Personal Auto Liability Core Liability Coverage selected for sample policy coverage.",51,FALSE,"Oct 18, 2024","Oct 17, 2025",TRUE,COV065,ACTIVE,POL000097
POL_ADMIN,LOC000194,AST-POL000098-01,OCCURRENCE,,1100000.00,COMBINED_SINGLE_LIMIT,1650000.00,165000.00,1100000.00,0.00,FLAT,0.0087,388327.00,SALES,3378.44,3500.07,3449.39,2173.12,FALSE,50.68,0.00,STATED_AMOUNT,FALSE,PRIMARY,100.00,TRUE,"Mar 12, 2025","Oct 21, 2024","Generated from ACTIVE policy status, Personal Auto Liability Core Liability Coverage selected for sample policy coverage.",68,FALSE,"Oct 21, 2024","Oct 20, 2025",TRUE,COV067,ENDORSED,POL000098
POL_ADMIN,LOC000195,AST-POL000098-02,OCCURRENCE,,300000.00,PER_OCCURRENCE,600000.00,60000.00,300000.00,500.00,FLAT,470.0000,23.00,VEHICLE,10810.00,11436.98,12139.63,8619.14,FALSE,162.15,864.80,ACTUAL_CASH_VALUE,FALSE,EXCESS,50.00,FALSE,,"Oct 21, 2024","Generated from ACTIVE policy status, Personal Auto Liability Vehicle Damage Coverage selected for sample policy coverage.",79,TRUE,"Oct 21, 2024","Oct 20, 2025",TRUE,COV068,ACTIVE,POL000098
POL_ADMIN,LOC000196,AST-POL000099-01,OCCURRENCE,,600000.00,COMBINED_SINGLE_LIMIT,900000.00,120000.00,600000.00,0.00,FLAT,0.0045,461918.00,SALES,2078.63,2224.14,2286.49,1623.41,FALSE,103.93,166.29,STATED_AMOUNT,FALSE,PRIMARY,100.00,FALSE,,"Oct 24, 2024","Generated from ACTIVE policy status, Personal Auto Physical Damage Core Liability Coverage selected for sample policy coverage.",85,TRUE,"Oct 24, 2024","Oct 23, 2025",TRUE,COV069,ACTIVE,POL000099
POL_ADMIN,LOC000197,AST-POL000099-02,OCCURRENCE,,130000.00,PER_OCCURRENCE,260000.00,13000.00,130000.00,1000.00,FLAT,525.0000,26.00,VEHICLE,13650.00,14905.80,15315.30,12099.09,FALSE,682.50,1092.00,ACTUAL_CASH_VALUE,FALSE,EXCESS,50.00,TRUE,"Mar 17, 2025","Oct 24, 2024","Generated from ACTIVE policy status, Personal Auto Physical Damage Vehicle Damage Coverage selected for sample policy coverage.",96,TRUE,"Oct 24, 2024","Oct 23, 2025",TRUE,COV070,ENDORSED,POL000099
POL_ADMIN,LOC000198,AST-POL000099-03,CLAIMS_MADE,"Oct 24, 2023",900000.00,COMBINED_SINGLE_LIMIT,1350000.00,135000.00,900000.00,0.00,FLAT,0.0059,511918.00,SALES,3020.32,2923.67,2772.65,1524.96,FALSE,151.02,0.00,STATED_AMOUNT,FALSE,UMBRELLA,25.00,FALSE,,"Oct 24, 2024","Generated from ACTIVE policy status, Personal Auto Physical Damage Core Liability Coverage selected for sample policy coverage.",34,FALSE,"Oct 24, 2024","Oct 23, 2025",TRUE,COV071,ACTIVE,POL000099
POL_ADMIN,LOC000199,AST-POL000100-01,OCCURRENCE,,1300000.00,COMBINED_SINGLE_LIMIT,1950000.00,130000.00,1300000.00,0.00,FLAT,0.0052,535509.00,SALES,2784.65,2667.69,2625.92,2074.48,FALSE,41.77,0.00,STATED_AMOUNT,FALSE,PRIMARY,100.00,TRUE,"Mar 20, 2025","Oct 27, 2024","Generated from ISSUED policy status, Personal Auto Physical Damage Core Liability Coverage selected for sample policy coverage.",29,FALSE,"Oct 27, 2024","Oct 26, 2025",TRUE,COV071,ACTIVE,POL000100
POL_ADMIN,LOC000200,AST-POL000101-01,CLAIMS_MADE,"Oct 30, 2023",450000.00,COMBINED_SINGLE_LIMIT,675000.00,67500.00,450000.00,0.00,FLAT,0.0059,609100.00,SALES,3593.69,3564.94,3385.26,507.79,FALSE,179.68,0.00,STATED_AMOUNT,FALSE,PRIMARY,100.00,FALSE,,"Oct 30, 2024","Generated from BOUND policy status, Preferred Auto Liability Core Liability Coverage selected for sample policy coverage.",46,FALSE,"Oct 30, 2024","Oct 29, 2025",TRUE,COV073,BOUND,POL000101
POL_ADMIN,LOC000201,AST-POL000101-02,OCCURRENCE,,100000.00,PER_OCCURRENCE,200000.00,20000.00,100000.00,1000.00,FLAT,635.0000,2.00,VEHICLE,1270.00,1287.78,1224.28,183.64,FALSE,63.50,0.00,ACTUAL_CASH_VALUE,FALSE,EXCESS,50.00,FALSE,,"Oct 30, 2024","Generated from BOUND policy status, Preferred Auto Liability Vehicle Damage Coverage selected for sample policy coverage.",57,FALSE,"Oct 30, 2024","Oct 29, 2025",TRUE,COV074,BOUND,POL000101
POL_ADMIN,LOC000202,AST-POL000102-01,OCCURRENCE,,1000000.00,COMBINED_SINGLE_LIMIT,1500000.00,200000.00,1000000.00,0.00,FLAT,0.0066,682691.00,SALES,4505.76,4622.91,4555.32,2869.85,FALSE,67.59,0.00,STATED_AMOUNT,FALSE,PRIMARY,100.00,FALSE,,"Nov 02, 2024","Generated from REINSTATED policy status, Preferred Auto Liability Core Liability Coverage selected for sample policy coverage.",63,FALSE,"Nov 02, 2024","Nov 01, 2025",TRUE,COV075,ACTIVE,POL000102
POL_ADMIN,LOC000203,AST-POL000102-02,OCCURRENCE,,275000.00,PER_OCCURRENCE,550000.00,27500.00,275000.00,500.00,FLAT,690.0000,5.00,VEHICLE,3450.00,3615.60,3563.85,2530.33,FALSE,51.75,0.00,ACTUAL_CASH_VALUE,FALSE,EXCESS,50.00,FALSE,,"Nov 02, 2024","Generated from REINSTATED policy status, Preferred Auto Liability Vehicle Damage Coverage selected for sample policy coverage.",74,TRUE,"Nov 02, 2024","Nov 01, 2025",TRUE,COV076,REINSTATED,POL000102
POL_ADMIN,LOC000204,AST-POL000102-03,OCCURRENCE,,600000.00,COMBINED_SINGLE_LIMIT,900000.00,90000.00,600000.00,0.00,FLAT,0.0080,732691.00,SALES,5861.53,6271.83,6652.83,5255.74,FALSE,87.92,468.92,STATED_AMOUNT,FALSE,UMBRELLA,25.00,FALSE,,"Nov 02, 2024","Generated from REINSTATED policy status, Preferred Auto Comprehensive Core Liability Coverage selected for sample policy coverage.",85,TRUE,"Nov 02, 2024","Nov 01, 2025",TRUE,COV077,ACTIVE,POL000102
POL_ADMIN,LOC000205,AST-POL000103-01,OCCURRENCE,,550000.00,COMBINED_SINGLE_LIMIT,825000.00,55000.00,550000.00,0.00,FLAT,0.0073,756282.00,SALES,5520.86,5852.11,6017.74,0.00,FALSE,276.04,441.67,STATED_AMOUNT,FALSE,PRIMARY,100.00,FALSE,,"Nov 05, 2024","Generated from APPLICATION policy status, Preferred Auto Comprehensive Core Liability Coverage selected for sample policy coverage.",80,TRUE,"Nov 05, 2024","Nov 04, 2025",TRUE,COV077,REQUESTED,POL000103
POL_ADMIN,LOC000206,AST-POL000104-01,OCCURRENCE,,1200000.00,COMBINED_SINGLE_LIMIT,1800000.00,180000.00,1200000.00,0.00,FLAT,0.0080,829873.00,SALES,6638.98,7263.05,7694.58,7694.58,TRUE,99.58,531.12,STATED_AMOUNT,FALSE,PRIMARY,100.00,FALSE,,"Nov 08, 2024","Generated from CANCELLED policy status, Preferred Auto Comprehensive Core Liability Coverage selected for sample policy coverage.",97,TRUE,"Nov 08, 2024","Apr 21, 2025",FALSE,COV079,CANCELLED,POL000104
POL_ADMIN,LOC000207,AST-POL000104-02,OCCURRENCE,,325000.00,PER_OCCURRENCE,650000.00,65000.00,325000.00,500.00,FLAT,360.0000,11.00,VEHICLE,3960.00,3841.20,3781.80,3781.80,TRUE,59.40,0.00,ACTUAL_CASH_VALUE,FALSE,EXCESS,50.00,FALSE,,"Nov 08, 2024","Generated from CANCELLED policy status, Preferred Auto Comprehensive Vehicle Damage Coverage selected for sample policy coverage.",35,FALSE,"Nov 08, 2024","Apr 21, 2025",FALSE,COV080,CANCELLED,POL000104
POL_ADMIN,LOC000208,AST-POL000105-01,CLAIMS_MADE,"Nov 11, 2023",650000.00,COMBINED_SINGLE_LIMIT,975000.00,130000.00,650000.00,0.00,FLAT,0.0087,903464.00,SALES,7860.14,7718.65,7325.65,7325.65,TRUE,393.01,0.00,STATED_AMOUNT,FALSE,PRIMARY,100.00,FALSE,,"Nov 11, 2024","Generated from NON_RENEWED policy status, Non-Standard Auto Liability Core Liability Coverage selected for sample policy coverage.",41,FALSE,"Nov 11, 2024","Apr 25, 2025",FALSE,COV081,NON_RENEWED,POL000105
POL_ADMIN,LOC000209,AST-POL000105-02,OCCURRENCE,,90000.00,PER_OCCURRENCE,180000.00,9000.00,90000.00,1000.00,FLAT,415.0000,14.00,VEHICLE,5810.00,5833.24,5542.74,5542.74,TRUE,290.50,0.00,ACTUAL_CASH_VALUE,FALSE,EXCESS,50.00,FALSE,,"Nov 11, 2024","Generated from NON_RENEWED policy status, Non-Standard Auto Liability Vehicle Damage Coverage selected for sample policy coverage.",52,FALSE,"Nov 11, 2024","Apr 25, 2025",FALSE,COV082,NON_RENEWED,POL000105
POL_ADMIN,LOC000210,AST-POL000105-03,OCCURRENCE,,1000000.00,COMBINED_SINGLE_LIMIT,1500000.00,150000.00,1000000.00,0.00,FLAT,0.0052,953464.00,SALES,4958.01,5086.92,4839.02,4839.02,TRUE,247.90,0.00,STATED_AMOUNT,FALSE,UMBRELLA,25.00,FALSE,,"Nov 11, 2024","Generated from NON_RENEWED policy status, Non-Standard Auto Liability Core Liability Coverage selected for sample policy coverage.",63,FALSE,"Nov 11, 2024","Apr 25, 2025",FALSE,COV083,NON_RENEWED,POL000105
POL_ADMIN,LOC000211,AST-POL000106-01,OCCURRENCE,,900000.00,COMBINED_SINGLE_LIMIT,1350000.00,90000.00,900000.00,0.00,FLAT,0.0045,977055.00,SALES,4396.75,4467.10,4401.14,2772.72,FALSE,65.95,0.00,STATED_AMOUNT,FALSE,PRIMARY,100.00,TRUE,"Apr 13, 2025","Nov 14, 2024","Generated from ACTIVE policy status, Non-Standard Auto Liability Core Liability Coverage selected for sample policy coverage.",58,FALSE,"Nov 14, 2024","Nov 13, 2025",TRUE,COV083,ENDORSED,POL000106
POL_ADMIN,LOC000212,AST-POL000107-01,OCCURRENCE,,500000.00,COMBINED_SINGLE_LIMIT,750000.00,75000.00,500000.00,0.00,FLAT,0.0052,1050646.00,SALES,5463.36,5736.53,5900.43,4189.30,FALSE,273.17,437.07,STATED_AMOUNT,FALSE,PRIMARY,100.00,FALSE,,"Nov 17, 2024","Generated from ACTIVE policy status, Non-Standard Financial Responsibility Filing Core Liability Coverage selected for sample policy coverage.",75,TRUE,"Nov 17, 2024","Nov 16, 2025",TRUE,COV085,ACTIVE,POL000107
POL_ADMIN,LOC000213,AST-POL000107-02,OCCURRENCE,,110000.00,PER_OCCURRENCE,220000.00,22000.00,110000.00,1000.00,FLAT,525.0000,20.00,VEHICLE,10500.00,11256.00,11571.00,9141.09,FALSE,525.00,840.00,ACTUAL_CASH_VALUE,FALSE,EXCESS,50.00,TRUE,"Apr 18, 2025","Nov 17, 2024","Generated from ACTIVE policy status, Non-Standard Financial Responsibility Filing Vehicle Damage Coverage selected for sample policy coverage.",86,TRUE,"Nov 17, 2024","Nov 16, 2025",TRUE,COV086,ENDORSED,POL000107
POL_ADMIN,LOC000214,AST-POL000108-01,OCCURRENCE,,1100000.00,COMBINED_SINGLE_LIMIT,1650000.00,220000.00,1100000.00,0.00,FLAT,0.0059,1124237.00,SALES,6633.00,7190.17,7621.32,6020.84,FALSE,99.49,530.64,STATED_AMOUNT,FALSE,PRIMARY,100.00,FALSE,,"Nov 20, 2024","Generated from ISSUED policy status, Non-Standard Financial Responsibility Filing Core Liability Coverage selected for sample policy coverage.",92,TRUE,"Nov 20, 2024","Nov 19, 2025",TRUE,COV087,ACTIVE,POL000108
POL_ADMIN,LOC000215,AST-POL000108-02,OCCURRENCE,,300000.00,PER_OCCURRENCE,600000.00,30000.00,300000.00,500.00,FLAT,580.0000,23.00,VEHICLE,13340.00,12806.40,12606.30,6933.47,FALSE,200.10,0.00,ACTUAL_CASH_VALUE,FALSE,EXCESS,50.00,FALSE,,"Nov 20, 2024","Generated from ISSUED policy status, Non-Standard Financial Responsibility Filing Vehicle Damage Coverage selected for sample policy coverage.",30,FALSE,"Nov 20, 2024","Nov 19, 2025",TRUE,COV088,ACTIVE,POL000108
POL_ADMIN,LOC000216,AST-POL000108-03,OCCURRENCE,,650000.00,COMBINED_SINGLE_LIMIT,975000.00,97500.00,650000.00,0.00,FLAT,0.0073,1174237.00,SALES,8571.93,8417.64,8289.06,5222.11,FALSE,128.58,0.00,STATED_AMOUNT,FALSE,UMBRELLA,25.00,FALSE,,"Nov 20, 2024","Generated from ISSUED policy status, Multi-Vehicle Liability Core Liability Coverage selected for sample policy coverage.",41,FALSE,"Nov 20, 2024","Nov 19, 2025",TRUE,COV089,ACTIVE,POL000108
POL_ADMIN,LOC000217,AST-POL000109-01,CLAIMS_MADE,"Nov 23, 2023",600000.00,COMBINED_SINGLE_LIMIT,900000.00,60000.00,600000.00,0.00,FLAT,0.0066,1197828.00,SALES,7905.66,7684.31,7289.02,1093.35,FALSE,395.28,0.00,STATED_AMOUNT,FALSE,PRIMARY,100.00,FALSE,,"Nov 23, 2024","Generated from BOUND policy status, Multi-Vehicle Liability Core Liability Coverage selected for sample policy coverage.",36,FALSE,"Nov 23, 2024","Nov 22, 2025",TRUE,COV089,BOUND,POL000109
POL_ADMIN,LOC000218,AST-POL000110-01,OCCURRENCE,,1300000.00,COMBINED_SINGLE_LIMIT,1950000.00,195000.00,1300000.00,0.00,FLAT,0.0073,1271419.00,SALES,9281.36,9337.05,8872.98,5589.98,FALSE,464.07,0.00,STATED_AMOUNT,FALSE,PRIMARY,100.00,TRUE,"Apr 29, 2025","Nov 26, 2024","Generated from RENEWAL_PENDING policy status, Multi-Vehicle Liability Core Liability Coverage selected for sample policy coverage.",53,FALSE,"Nov 26, 2024","Nov 25, 2025",TRUE,COV091,ENDORSED,POL000110
POL_ADMIN,LOC000219,AST-POL000110-02,OCCURRENCE,,225000.00,PER_OCCURRENCE,450000.00,45000.00,225000.00,500.00,FLAT,690.0000,29.00,VEHICLE,20010.00,20570.28,19569.78,13894.54,FALSE,1000.50,0.00,ACTUAL_CASH_VALUE,FALSE,EXCESS,50.00,TRUE,"Apr 30, 2025","Nov 26, 2024","Generated from RENEWAL_PENDING policy status, Multi-Vehicle Liability Vehicle Damage Coverage selected for sample policy coverage.",64,FALSE,"Nov 26, 2024","Nov 25, 2025",TRUE,COV092,ACTIVE,POL000110
POL_ADMIN,LOC000220,AST-POL000111-01,OCCURRENCE,,450000.00,COMBINED_SINGLE_LIMIT,675000.00,90000.00,450000.00,0.00,FLAT,0.0080,1345010.00,SALES,10760.08,11190.48,10652.48,0.00,FALSE,538.00,0.00,STATED_AMOUNT,FALSE,PRIMARY,100.00,TRUE,"May 03, 2025","Nov 29, 2024","Generated from APPLICATION policy status, Multi-Vehicle Package Coverage Core Liability Coverage selected for sample policy coverage.",70,FALSE,"Nov 29, 2024","Nov 28, 2025",TRUE,COV093,REQUESTED,POL000111
POL_ADMIN,LOC000221,AST-POL000111-02,OCCURRENCE,,100000.00,PER_OCCURRENCE,200000.00,10000.00,100000.00,1000.00,FLAT,745.0000,2.00,VEHICLE,1490.00,1582.38,1627.08,81.35,FALSE,74.50,119.20,ACTUAL_CASH_VALUE,FALSE,EXCESS,50.00,FALSE,,"Nov 29, 2024","Generated from APPLICATION policy status, Multi-Vehicle Package Coverage Vehicle Damage Coverage selected for sample policy coverage.",81,TRUE,"Nov 29, 2024","Nov 28, 2025",TRUE,COV094,UW_REVIEW,POL000111
POL_ADMIN,LOC000222,AST-POL000111-03,CLAIMS_MADE,"Nov 29, 2023",1100000.00,COMBINED_SINGLE_LIMIT,1650000.00,165000.00,1100000.00,0.00,FLAT,0.0045,1395010.00,SALES,6277.54,6804.86,6993.19,0.00,FALSE,313.88,502.20,STATED_AMOUNT,FALSE,UMBRELLA,25.00,FALSE,,"Nov 29, 2024","Generated from APPLICATION policy status, Multi-Vehicle Package Coverage Core Liability Coverage selected for sample policy coverage.",92,TRUE,"Nov 29, 2024","Nov 28, 2025",TRUE,COV095,REQUESTED,POL000111
POL_ADMIN,LOC000223,AST-POL000112-01,OCCURRENCE,,1000000.00,COMBINED_SINGLE_LIMIT,1500000.00,100000.00,1000000.00,0.00,FLAT,0.0087,1418601.00,SALES,12341.83,13255.12,14057.34,11105.30,FALSE,185.13,987.35,STATED_AMOUNT,FALSE,PRIMARY,100.00,FALSE,,"Dec 02, 2024","Generated from SUSPENDED policy status, Multi-Vehicle Package Coverage Core Liability Coverage selected for sample policy coverage.",87,TRUE,"Dec 02, 2024","Apr 03, 2025",TRUE,COV095,SUSPENDED,POL000112
POL_ADMIN,LOC000224,AST-POL000113-01,OCCURRENCE,,330000.00,PER_OCCURRENCE,660000.00,49500.00,165000.00,1000.00,FLAT,0.0044,330000.00,DWELLING_VALUE,1452.00,1396.82,1324.22,1324.22,TRUE,72.60,0.00,AGREED_VALUE,TRUE,PRIMARY,100.00,FALSE,,"Dec 05, 2024","Generated from LAPSED policy status, HO-3 Dwelling Coverage Residential Property Coverage selected for sample policy coverage.",31,TRUE,"Dec 05, 2024","May 27, 2025",FALSE,COV097,LAPSED,POL000113
POL_ADMIN,LOC000225,AST-POL000113-02,OCCURRENCE,,360000.00,PER_OCCURRENCE,720000.00,72000.00,360000.00,0.00,FLAT,155.0000,3.00,HOUSEHOLD,465.00,457.56,434.31,434.31,TRUE,23.25,0.00,STATED_AMOUNT,FALSE,EXCESS,50.00,FALSE,,"Dec 05, 2024","Generated from LAPSED policy status, HO-3 Dwelling Coverage Household Liability Coverage selected for sample policy coverage.",42,TRUE,"Dec 05, 2024","May 27, 2025",FALSE,COV098,LAPSED,POL000113
POL_ADMIN,LOC000226,AST-POL000114-01,OCCURRENCE,,600000.00,PER_OCCURRENCE,1200000.00,120000.00,300000.00,500.00,FLAT,0.0048,600000.00,DWELLING_VALUE,2880.00,2868.48,2724.48,1716.42,FALSE,144.00,0.00,REPLACEMENT_COST,TRUE,PRIMARY,100.00,TRUE,"May 15, 2025","Dec 08, 2024","Generated from ACTIVE policy status, HO-3 Dwelling Coverage Residential Property Coverage selected for sample policy coverage.",48,FALSE,"Dec 08, 2024","Dec 07, 2025",TRUE,COV099,ENDORSED,POL000114
POL_ADMIN,LOC000227,AST-POL000114-02,OCCURRENCE,,650000.00,PER_OCCURRENCE,1300000.00,65000.00,650000.00,0.00,FLAT,175.0000,1.00,HOUSEHOLD,175.00,178.15,169.40,120.27,FALSE,8.75,0.00,STATED_AMOUNT,FALSE,EXCESS,50.00,FALSE,,"Dec 08, 2024","Generated from ACTIVE policy status, HO-3 Dwelling Coverage Household Liability Coverage selected for sample policy coverage.",59,FALSE,"Dec 08, 2024","Dec 07, 2025",TRUE,COV100,ACTIVE,POL000114
POL_ADMIN,LOC000228,AST-POL000114-03,OCCURRENCE,,270000.00,PER_OCCURRENCE,540000.00,40500.00,135000.00,1000.00,FLAT,0.0032,270000.00,DWELLING_VALUE,864.00,898.56,855.36,675.73,FALSE,43.20,0.00,REPLACEMENT_COST,FALSE,UMBRELLA,25.00,TRUE,"May 17, 2025","Dec 08, 2024","Generated from ACTIVE policy status, HO-3 Personal Liability Residential Property Coverage selected for sample policy coverage.",70,FALSE,"Dec 08, 2024","Dec 07, 2025",TRUE,COV101,ENDORSED,POL000114
POL_ADMIN,LOC000229,AST-POL000115-01,OCCURRENCE,,390000.00,PER_OCCURRENCE,780000.00,39000.00,195000.00,1000.00,FLAT,0.0028,390000.00,DWELLING_VALUE,1092.00,1124.76,1070.16,759.81,FALSE,54.60,0.00,REPLACEMENT_COST,TRUE,PRIMARY,100.00,FALSE,,"Dec 11, 2024","Generated from ACTIVE policy status, HO-3 Personal Liability Residential Property Coverage selected for sample policy coverage.",65,FALSE,"Dec 11, 2024","Dec 10, 2025",TRUE,COV101,ACTIVE,POL000115
POL_ADMIN,LOC000230,AST-POL000116-01,OCCURRENCE,,450000.00,PER_OCCURRENCE,900000.00,67500.00,225000.00,500.00,FLAT,0.0032,450000.00,DWELLING_VALUE,1440.00,1532.16,1625.76,1284.35,FALSE,21.60,115.20,REPLACEMENT_COST,TRUE,PRIMARY,100.00,FALSE,,"Dec 14, 2024","Generated from ISSUED policy status, HO-3 Personal Liability Residential Property Coverage selected for sample policy coverage.",82,TRUE,"Dec 14, 2024","Dec 13, 2025",TRUE,COV103,ACTIVE,POL000116
POL_ADMIN,LOC000231,AST-POL000116-02,OCCURRENCE,,500000.00,PER_OCCURRENCE,1000000.00,100000.00,500000.00,0.00,FLAT,115.0000,3.00,HOUSEHOLD,345.00,374.67,397.10,218.40,FALSE,5.17,27.60,STATED_AMOUNT,FALSE,EXCESS,50.00,FALSE,,"Dec 14, 2024","Generated from ISSUED policy status, HO-3 Personal Liability Household Liability Coverage selected for sample policy coverage.",93,TRUE,"Dec 14, 2024","Dec 13, 2025",TRUE,COV104,ACTIVE,POL000116
POL_ADMIN,LOC000232,AST-POL000117-01,OCCURRENCE,,300000.00,PER_OCCURRENCE,600000.00,60000.00,150000.00,2.00,PERCENTAGE,0.0036,300000.00,DWELLING_VALUE,1080.00,1028.16,974.16,146.12,FALSE,54.00,0.00,AGREED_VALUE,TRUE,PRIMARY,100.00,FALSE,,"Dec 17, 2024","Generated from BOUND policy status, HO-5 Comprehensive Dwelling Residential Property Coverage selected for sample policy coverage.",26,FALSE,"Dec 17, 2024","Dec 16, 2025",TRUE,COV105,BOUND,POL000117
POL_ADMIN,LOC000233,AST-POL000117-02,OCCURRENCE,,330000.00,PER_OCCURRENCE,660000.00,33000.00,330000.00,0.00,FLAT,135.0000,1.00,HOUSEHOLD,135.00,131.49,124.74,18.71,FALSE,6.75,0.00,STATED_AMOUNT,FALSE,EXCESS,50.00,FALSE,,"Dec 17, 2024","Generated from BOUND policy status, HO-5 Comprehensive Dwelling Household Liability Coverage selected for sample policy coverage.",37,FALSE,"Dec 17, 2024","Dec 16, 2025",TRUE,COV106,BOUND,POL000117
POL_ADMIN,LOC000234,AST-POL000117-03,OCCURRENCE,,600000.00,PER_OCCURRENCE,1200000.00,90000.00,300000.00,1.00,PERCENTAGE,0.0044,600000.00,DWELLING_VALUE,2640.00,2629.44,2497.44,374.62,FALSE,132.00,0.00,AGREED_VALUE,FALSE,UMBRELLA,25.00,FALSE,,"Dec 17, 2024","Generated from BOUND policy status, HO-5 Comprehensive Dwelling Residential Property Coverage selected for sample policy coverage.",48,FALSE,"Dec 17, 2024","Dec 16, 2025",TRUE,COV107,BOUND,POL000117
POL_ADMIN,LOC000235,AST-POL000118-01,OCCURRENCE,,550000.00,PER_OCCURRENCE,1100000.00,55000.00,275000.00,1.00,PERCENTAGE,0.0040,550000.00,DWELLING_VALUE,2200.00,2169.20,2059.20,1297.30,FALSE,110.00,0.00,REPLACEMENT_COST,TRUE,PRIMARY,100.00,TRUE,"May 31, 2025","Dec 20, 2024","Generated from RENEWAL_PENDING policy status, HO-5 Comprehensive Dwelling Residential Property Coverage selected for sample policy coverage.",43,FALSE,"Dec 20, 2024","Dec 19, 2025",TRUE,COV107,ENDORSED,POL000118
POL_ADMIN,LOC000236,AST-POL000119-01,OCCURRENCE,,360000.00,PER_OCCURRENCE,720000.00,54000.00,180000.00,2.00,PERCENTAGE,0.0044,360000.00,DWELLING_VALUE,1584.00,1615.68,1536.48,0.00,FALSE,79.20,0.00,REPLACEMENT_COST,TRUE,PRIMARY,100.00,FALSE,,"Dec 23, 2024","Generated from QUOTE policy status, HO-5 Personal Property Residential Property Coverage selected for sample policy coverage.",60,FALSE,"Dec 23, 2024","Dec 22, 2025",TRUE,COV109,QUOTED,POL000119
POL_ADMIN,LOC000237,AST-POL000119-02,OCCURRENCE,,390000.00,PER_OCCURRENCE,780000.00,78000.00,390000.00,0.00,FLAT,175.0000,3.00,HOUSEHOLD,525.00,547.05,520.80,0.00,FALSE,26.25,0.00,STATED_AMOUNT,FALSE,EXCESS,50.00,FALSE,,"Dec 23, 2024","Generated from QUOTE policy status, HO-5 Personal Property Household Liability Coverage selected for sample policy coverage.",71,FALSE,"Dec 23, 2024","Dec 22, 2025",TRUE,COV110,REQUESTED,POL000119
POL_ADMIN,LOC000238,AST-POL000120-01,OCCURRENCE,,650000.00,PER_OCCURRENCE,1300000.00,130000.00,325000.00,1.00,PERCENTAGE,0.0048,650000.00,DWELLING_VALUE,3120.00,3288.48,3491.28,2758.11,FALSE,46.80,249.60,REPLACEMENT_COST,TRUE,PRIMARY,100.00,FALSE,,"Dec 26, 2024","Generated from SUSPENDED policy status, HO-5 Personal Property Residential Property Coverage selected for sample policy coverage.",77,TRUE,"Dec 26, 2024","May 05, 2025",TRUE,COV111,SUSPENDED,POL000120
POL_ADMIN,LOC000239,AST-POL000120-02,OCCURRENCE,,450000.00,PER_OCCURRENCE,900000.00,45000.00,450000.00,0.00,FLAT,95.0000,1.00,HOUSEHOLD,95.00,102.22,108.40,59.62,FALSE,1.43,7.60,STATED_AMOUNT,FALSE,EXCESS,50.00,FALSE,,"Dec 26, 2024","Generated from SUSPENDED policy status, HO-5 Personal Property Household Liability Coverage selected for sample policy coverage.",88,TRUE,"Dec 26, 2024","May 05, 2025",TRUE,COV112,SUSPENDED,POL000120
POL_ADMIN,LOC000240,AST-POL000120-03,OCCURRENCE,,300000.00,PER_OCCURRENCE,600000.00,45000.00,150000.00,1000.00,FLAT,0.0032,300000.00,DWELLING_VALUE,960.00,913.92,899.52,566.70,FALSE,14.40,0.00,REPLACEMENT_COST,FALSE,UMBRELLA,25.00,TRUE,"Feb 10, 2025","Dec 26, 2024","Generated from SUSPENDED policy status, Condo Building Items Residential Property Coverage selected for sample policy coverage.",26,TRUE,"Dec 26, 2024","May 05, 2025",TRUE,COV113,SUSPENDED,POL000120
POL_ADMIN,LOC000241,AST-POL000121-01,OCCURRENCE,,270000.00,PER_OCCURRENCE,540000.00,27000.00,135000.00,1000.00,FLAT,0.0028,270000.00,DWELLING_VALUE,756.00,822.53,871.67,871.67,TRUE,11.34,60.48,AGREED_VALUE,TRUE,PRIMARY,100.00,FALSE,,"Dec 29, 2024","Generated from LAPSED policy status, Condo Building Items Residential Property Coverage selected for sample policy coverage.",94,TRUE,"Dec 29, 2024","Jun 28, 2025",FALSE,COV113,LAPSED,POL000121
POL_ADMIN,LOC000242,AST-POL000122-01,OCCURRENCE,,500000.00,PER_OCCURRENCE,1000000.00,75000.00,250000.00,500.00,FLAT,0.0032,500000.00,DWELLING_VALUE,1600.00,1561.60,1481.60,933.41,FALSE,80.00,0.00,REPLACEMENT_COST,TRUE,PRIMARY,100.00,TRUE,"Feb 16, 2025","Jan 01, 2025","Generated from ACTIVE policy status, Condo Building Items Residential Property Coverage selected for sample policy coverage.",38,FALSE,"Jan 01, 2025","Dec 31, 2025",TRUE,COV115,ENDORSED,POL000122
POL_ADMIN,LOC000243,AST-POL000122-02,OCCURRENCE,,550000.00,PER_OCCURRENCE,1100000.00,110000.00,550000.00,0.00,FLAT,135.0000,3.00,HOUSEHOLD,405.00,404.19,383.94,272.60,FALSE,20.25,0.00,STATED_AMOUNT,FALSE,EXCESS,50.00,FALSE,,"Jan 01, 2025","Generated from ACTIVE policy status, Condo Building Items Household Liability Coverage selected for sample policy coverage.",49,FALSE,"Jan 01, 2025","Dec 31, 2025",TRUE,COV116,ACTIVE,POL000122
POL_ADMIN,LOC000244,AST-POL000123-01,OCCURRENCE,,330000.00,PER_OCCURRENCE,660000.00,66000.00,165000.00,1000.00,FLAT,0.0036,330000.00,DWELLING_VALUE,1188.00,1199.88,1182.06,839.26,FALSE,17.82,0.00,REPLACEMENT_COST,TRUE,PRIMARY,100.00,FALSE,,"Jan 04, 2025","Generated from ACTIVE policy status, Condo Personal Liability Residential Property Coverage selected for sample policy coverage.",55,FALSE,"Jan 04, 2025","Jan 03, 2026",TRUE,COV117,ACTIVE,POL000123
POL_ADMIN,LOC000245,AST-POL000123-02,OCCURRENCE,,360000.00,PER_OCCURRENCE,720000.00,36000.00,360000.00,0.00,FLAT,155.0000,1.00,HOUSEHOLD,155.00,159.96,157.64,124.53,FALSE,2.32,0.00,STATED_AMOUNT,FALSE,EXCESS,50.00,TRUE,"Feb 21, 2025","Jan 04, 2025","Generated from ACTIVE policy status, Condo Personal Liability Household Liability Coverage selected for sample policy coverage.",66,FALSE,"Jan 04, 2025","Jan 03, 2026",TRUE,COV118,ENDORSED,POL000123
POL_ADMIN,LOC000246,AST-POL000123-03,OCCURRENCE,,650000.00,PER_OCCURRENCE,1300000.00,97500.00,325000.00,500.00,FLAT,0.0044,650000.00,DWELLING_VALUE,2860.00,3014.44,3200.34,1760.19,FALSE,42.90,228.80,REPLACEMENT_COST,FALSE,UMBRELLA,25.00,FALSE,,"Jan 04, 2025","Generated from ACTIVE policy status, Condo Personal Liability Residential Property Coverage selected for sample policy coverage.",77,TRUE,"Jan 04, 2025","Jan 03, 2026",TRUE,COV119,ACTIVE,POL000123
POL_ADMIN,LOC000247,AST-POL000124-01,OCCURRENCE,,600000.00,PER_OCCURRENCE,1200000.00,60000.00,300000.00,500.00,FLAT,0.0040,600000.00,DWELLING_VALUE,2400.00,2505.60,2469.60,1950.98,FALSE,36.00,0.00,REPLACEMENT_COST,TRUE,PRIMARY,100.00,FALSE,,"Jan 07, 2025","Generated from ISSUED policy status, Condo Personal Liability Residential Property Coverage selected for sample policy coverage.",72,TRUE,"Jan 07, 2025","Jan 06, 2026",TRUE,COV119,ACTIVE,POL000124
POL_ADMIN,LOC000248,AST-POL000125-01,OCCURRENCE,,390000.00,PER_OCCURRENCE,780000.00,58500.00,195000.00,1000.00,FLAT,0.0044,390000.00,DWELLING_VALUE,1716.00,1849.85,1961.39,294.21,FALSE,25.74,137.28,AGREED_VALUE,TRUE,PRIMARY,100.00,FALSE,,"Jan 10, 2025","Generated from BOUND policy status, Renters Personal Property Residential Property Coverage selected for sample policy coverage.",89,TRUE,"Jan 10, 2025","Jan 09, 2026",TRUE,COV121,BOUND,POL000125
POL_ADMIN,LOC000249,AST-POL000125-02,OCCURRENCE,,270000.00,PER_OCCURRENCE,540000.00,54000.00,270000.00,0.00,FLAT,95.0000,3.00,HOUSEHOLD,285.00,271.89,267.62,40.14,FALSE,4.27,0.00,STATED_AMOUNT,FALSE,EXCESS,50.00,FALSE,,"Jan 10, 2025","Generated from BOUND policy status, Renters Personal Property Household Liability Coverage selected for sample policy coverage.",27,FALSE,"Jan 10, 2025","Jan 09, 2026",TRUE,COV122,BOUND,POL000125
POL_ADMIN,LOC000250,AST-POL000126-01,OCCURRENCE,,450000.00,PER_OCCURRENCE,900000.00,90000.00,225000.00,500.00,FLAT,0.0048,450000.00,DWELLING_VALUE,2160.00,2086.56,1978.56,1246.49,FALSE,108.00,0.00,REPLACEMENT_COST,TRUE,PRIMARY,100.00,TRUE,"Mar 04, 2025","Jan 13, 2025","Generated from RENEWAL_PENDING policy status, Renters Personal Property Residential Property Coverage selected for sample policy coverage.",33,FALSE,"Jan 13, 2025","Jan 12, 2026",TRUE,COV123,ENDORSED,POL000126
POL_ADMIN,LOC000251,AST-POL000126-02,OCCURRENCE,,500000.00,PER_OCCURRENCE,1000000.00,50000.00,500000.00,0.00,FLAT,115.0000,1.00,HOUSEHOLD,115.00,113.62,107.87,76.59,FALSE,5.75,0.00,STATED_AMOUNT,FALSE,EXCESS,50.00,FALSE,,"Jan 13, 2025","Generated from RENEWAL_PENDING policy status, Renters Personal Property Household Liability Coverage selected for sample policy coverage.",44,FALSE,"Jan 13, 2025","Jan 12, 2026",TRUE,COV124,ACTIVE,POL000126
POL_ADMIN,LOC000252,AST-POL000126-03,OCCURRENCE,,330000.00,PER_OCCURRENCE,660000.00,49500.00,165000.00,1000.00,FLAT,0.0032,330000.00,DWELLING_VALUE,1056.00,1066.56,1013.76,800.87,FALSE,52.80,0.00,REPLACEMENT_COST,FALSE,UMBRELLA,25.00,TRUE,"Mar 06, 2025","Jan 13, 2025","Generated from RENEWAL_PENDING policy status, Renters Liability Residential Property Coverage selected for sample policy coverage.",55,FALSE,"Jan 13, 2025","Jan 12, 2026",TRUE,COV125,ENDORSED,POL000126
POL_ADMIN,LOC000253,AST-POL000127-01,OCCURRENCE,,300000.00,PER_OCCURRENCE,600000.00,30000.00,150000.00,1000.00,FLAT,0.0028,300000.00,DWELLING_VALUE,840.00,840.00,827.40,0.00,FALSE,12.60,0.00,REPLACEMENT_COST,TRUE,PRIMARY,100.00,FALSE,,"Jan 16, 2025","Generated from QUOTE policy status, Renters Liability Residential Property Coverage selected for sample policy coverage.",50,FALSE,"Jan 16, 2025","Jan 15, 2026",TRUE,COV125,QUOTED,POL000127
POL_ADMIN,LOC000254,AST-POL000128-01,OCCURRENCE,,550000.00,PER_OCCURRENCE,1100000.00,82500.00,275000.00,500.00,FLAT,0.0032,550000.00,DWELLING_VALUE,1760.00,1819.84,1793.44,89.67,FALSE,26.40,0.00,REPLACEMENT_COST,TRUE,PRIMARY,100.00,FALSE,,"Jan 19, 2025","Generated from UNDER_REVIEW policy status, Renters Liability Residential Property Coverage selected for sample policy coverage.",67,FALSE,"Jan 19, 2025","Jan 18, 2026",TRUE,COV127,APPROVED,POL000128
POL_ADMIN,LOC000255,AST-POL000128-02,OCCURRENCE,,600000.00,PER_OCCURRENCE,1200000.00,120000.00,600000.00,0.00,FLAT,155.0000,3.00,HOUSEHOLD,465.00,491.04,521.26,26.06,FALSE,6.97,37.20,STATED_AMOUNT,FALSE,EXCESS,50.00,FALSE,,"Jan 19, 2025","Generated from UNDER_REVIEW policy status, Renters Liability Household Liability Coverage selected for sample policy coverage.",78,TRUE,"Jan 19, 2025","Jan 18, 2026",TRUE,COV128,UW_REVIEW,POL000128
POL_ADMIN,LOC000256,AST-POL000129-01,CLAIMS_MADE,"Jan 22, 2024",600000.00,COMBINED_SINGLE_LIMIT,900000.00,120000.00,600000.00,0.00,FLAT,0.0059,919648.00,SALES,5425.92,5794.89,6147.57,6147.57,TRUE,81.39,434.07,STATED_AMOUNT,FALSE,PRIMARY,100.00,FALSE,,"Jan 22, 2025","Generated from LAPSED policy status, Commercial Auto Liability Core Liability Coverage selected for sample policy coverage.",84,TRUE,"Jan 22, 2025","Jul 30, 2025",FALSE,COV001,LAPSED,POL000129
POL_ADMIN,LOC000257,AST-POL000129-02,OCCURRENCE,,130000.00,PER_OCCURRENCE,260000.00,13000.00,130000.00,1000.00,FLAT,415.0000,26.00,VEHICLE,10790.00,11761.10,12462.45,12462.45,TRUE,161.85,863.20,ACTUAL_CASH_VALUE,FALSE,EXCESS,50.00,FALSE,,"Jan 22, 2025","Generated from LAPSED policy status, Commercial Auto Liability Vehicle Damage Coverage selected for sample policy coverage.",95,TRUE,"Jan 22, 2025","Jul 30, 2025",FALSE,COV002,LAPSED,POL000129
POL_ADMIN,LOC000258,AST-POL000129-03,OCCURRENCE,,900000.00,COMBINED_SINGLE_LIMIT,1350000.00,135000.00,900000.00,0.00,FLAT,0.0073,969648.00,SALES,7078.43,6837.76,6731.59,6731.59,TRUE,106.18,0.00,STATED_AMOUNT,FALSE,UMBRELLA,25.00,FALSE,,"Jan 22, 2025","Generated from LAPSED policy status, Commercial Auto Liability Core Liability Coverage selected for sample policy coverage.",33,TRUE,"Jan 22, 2025","Jul 30, 2025",FALSE,COV003,LAPSED,POL000129
POL_ADMIN,LOC000259,AST-POL000130-01,OCCURRENCE,,1300000.00,COMBINED_SINGLE_LIMIT,1950000.00,130000.00,1300000.00,0.00,FLAT,0.0066,993239.00,SALES,6555.38,6266.94,5939.17,3741.68,FALSE,327.77,0.00,STATED_AMOUNT,FALSE,PRIMARY,100.00,TRUE,"Mar 20, 2025","Jan 25, 2025","Generated from ACTIVE policy status, Commercial Auto Liability Core Liability Coverage selected for sample policy coverage.",28,FALSE,"Jan 25, 2025","Jan 24, 2026",TRUE,COV003,ENDORSED,POL000130
POL_ADMIN,LOC000260,AST-POL000131-01,OCCURRENCE,,450000.00,COMBINED_SINGLE_LIMIT,675000.00,67500.00,450000.00,0.00,FLAT,0.0073,1066830.00,SALES,7787.86,7709.98,7593.16,5391.15,FALSE,116.82,0.00,STATED_AMOUNT,FALSE,PRIMARY,100.00,FALSE,,"Jan 28, 2025","Generated from ACTIVE policy status, Commercial Auto Physical Damage Core Liability Coverage selected for sample policy coverage.",45,FALSE,"Jan 28, 2025","Jan 27, 2026",TRUE,COV005,ACTIVE,POL000131
POL_ADMIN,LOC000261,AST-POL000131-02,OCCURRENCE,,100000.00,PER_OCCURRENCE,200000.00,20000.00,100000.00,1000.00,FLAT,525.0000,2.00,VEHICLE,1050.00,1062.60,1046.85,827.01,FALSE,15.75,0.00,ACTUAL_CASH_VALUE,FALSE,EXCESS,50.00,TRUE,"Mar 25, 2025","Jan 28, 2025","Generated from ACTIVE policy status, Commercial Auto Physical Damage Vehicle Damage Coverage selected for sample policy coverage.",56,FALSE,"Jan 28, 2025","Jan 27, 2026",TRUE,COV006,ENDORSED,POL000131
POL_ADMIN,LOC000262,AST-POL000132-01,OCCURRENCE,,1000000.00,COMBINED_SINGLE_LIMIT,1500000.00,200000.00,1000000.00,0.00,FLAT,0.0080,1140421.00,SALES,9123.37,9342.33,9205.48,7272.33,FALSE,136.85,0.00,STATED_AMOUNT,FALSE,PRIMARY,100.00,FALSE,,"Jan 31, 2025","Generated from ISSUED policy status, Commercial Auto Physical Damage Core Liability Coverage selected for sample policy coverage.",62,FALSE,"Jan 31, 2025","Jan 30, 2026",TRUE,COV007,ACTIVE,POL000132
POL_ADMIN,LOC000263,AST-POL000132-02,OCCURRENCE,,275000.00,PER_OCCURRENCE,550000.00,27500.00,275000.00,500.00,FLAT,580.0000,5.00,VEHICLE,2900.00,3033.40,2989.90,1644.45,FALSE,43.50,0.00,ACTUAL_CASH_VALUE,FALSE,EXCESS,50.00,TRUE,"Mar 29, 2025","Jan 31, 2025","Generated from ISSUED policy status, Commercial Auto Physical Damage Vehicle Damage Coverage selected for sample policy coverage.",73,TRUE,"Jan 31, 2025","Jan 30, 2026",TRUE,COV008,ACTIVE,POL000132
POL_ADMIN,LOC000264,AST-POL000132-03,OCCURRENCE,,600000.00,COMBINED_SINGLE_LIMIT,900000.00,90000.00,600000.00,0.00,FLAT,0.0045,1190421.00,SALES,5356.89,5721.16,6069.36,3823.70,FALSE,80.35,428.55,STATED_AMOUNT,FALSE,UMBRELLA,25.00,FALSE,,"Jan 31, 2025","Generated from ISSUED policy status, Fleet Liability Core Liability Coverage selected for sample policy coverage.",84,TRUE,"Jan 31, 2025","Jan 30, 2026",TRUE,COV009,ACTIVE,POL000132
POL_ADMIN,LOC000265,AST-POL000133-01,CLAIMS_MADE,"Feb 03, 2024",550000.00,COMBINED_SINGLE_LIMIT,825000.00,55000.00,550000.00,0.00,FLAT,0.0087,1214012.00,SALES,10561.90,11174.49,11491.35,6320.24,FALSE,528.10,844.95,STATED_AMOUNT,FALSE,PRIMARY,100.00,TRUE,"Apr 01, 2025","Feb 03, 2025","Generated from ISSUED policy status, Fleet Liability Core Liability Coverage selected for sample policy coverage.",79,TRUE,"Feb 03, 2025","Feb 02, 2026",TRUE,COV009,ACTIVE,POL000133
POL_ADMIN,LOC000266,AST-POL000134-01,OCCURRENCE,,1200000.00,COMBINED_SINGLE_LIMIT,1800000.00,180000.00,1200000.00,0.00,FLAT,0.0045,1287603.00,SALES,5794.21,6327.28,6501.11,4095.70,FALSE,289.71,463.54,STATED_AMOUNT,FALSE,PRIMARY,100.00,TRUE,"Apr 05, 2025","Feb 06, 2025","Generated from RENEWAL_PENDING policy status, Fleet Liability Core Liability Coverage selected for sample policy coverage.",96,TRUE,"Feb 06, 2025","Feb 05, 2026",TRUE,COV011,ENDORSED,POL000134
POL_ADMIN,LOC000267,AST-POL000134-02,OCCURRENCE,,325000.00,PER_OCCURRENCE,650000.00,65000.00,325000.00,500.00,FLAT,690.0000,11.00,VEHICLE,7590.00,7347.12,6967.62,4947.01,FALSE,379.50,0.00,ACTUAL_CASH_VALUE,FALSE,EXCESS,50.00,FALSE,,"Feb 06, 2025","Generated from RENEWAL_PENDING policy status, Fleet Liability Vehicle Damage Coverage selected for sample policy coverage.",34,FALSE,"Feb 06, 2025","Feb 05, 2026",TRUE,COV012,ACTIVE,POL000134
POL_ADMIN,LOC000268,AST-POL000135-01,OCCURRENCE,,650000.00,COMBINED_SINGLE_LIMIT,975000.00,130000.00,650000.00,0.00,FLAT,0.0052,1361194.00,SALES,7078.21,6936.64,6582.73,0.00,FALSE,353.91,0.00,STATED_AMOUNT,FALSE,PRIMARY,100.00,FALSE,,"Feb 09, 2025","Generated from QUOTE policy status, Fleet Physical Damage Core Liability Coverage selected for sample policy coverage.",40,FALSE,"Feb 09, 2025","Feb 08, 2026",TRUE,COV013,QUOTED,POL000135
POL_ADMIN,LOC000269,AST-POL000135-02,OCCURRENCE,,90000.00,PER_OCCURRENCE,180000.00,9000.00,90000.00,1000.00,FLAT,745.0000,14.00,VEHICLE,10430.00,10450.86,9929.36,0.00,FALSE,521.50,0.00,ACTUAL_CASH_VALUE,FALSE,EXCESS,50.00,FALSE,,"Feb 09, 2025","Generated from QUOTE policy status, Fleet Physical Damage Vehicle Damage Coverage selected for sample policy coverage.",51,FALSE,"Feb 09, 2025","Feb 08, 2026",TRUE,COV014,REQUESTED,POL000135
POL_ADMIN,LOC000270,AST-POL000135-03,CLAIMS_MADE,"Feb 09, 2024",1000000.00,COMBINED_SINGLE_LIMIT,1500000.00,150000.00,1000000.00,0.00,FLAT,0.0066,1411194.00,SALES,9313.88,9537.41,9071.72,0.00,FALSE,465.69,0.00,STATED_AMOUNT,FALSE,UMBRELLA,25.00,FALSE,,"Feb 09, 2025","Generated from QUOTE policy status, Fleet Physical Damage Core Liability Coverage selected for sample policy coverage.",62,FALSE,"Feb 09, 2025","Feb 08, 2026",TRUE,COV015,QUOTED,POL000135
POL_ADMIN,LOC000271,AST-POL000136-01,OCCURRENCE,,900000.00,COMBINED_SINGLE_LIMIT,1350000.00,90000.00,900000.00,0.00,FLAT,0.0059,1434785.00,SALES,8465.23,8583.74,8456.77,422.84,FALSE,126.98,0.00,STATED_AMOUNT,FALSE,PRIMARY,100.00,FALSE,,"Feb 12, 2025","Generated from UNDER_REVIEW policy status, Fleet Physical Damage Core Liability Coverage selected for sample policy coverage.",57,FALSE,"Feb 12, 2025","Feb 11, 2026",TRUE,COV015,APPROVED,POL000136
POL_ADMIN,LOC000272,AST-POL000137-01,CLAIMS_MADE,"Feb 15, 2024",500000.00,COMBINED_SINGLE_LIMIT,750000.00,75000.00,500000.00,0.00,FLAT,0.0066,1508376.00,SALES,9955.28,10433.14,9935.37,9935.37,TRUE,497.76,0.00,STATED_AMOUNT,FALSE,PRIMARY,100.00,FALSE,,"Feb 15, 2025","Generated from EXPIRED policy status, Hired and Non-Owned Liability Core Liability Coverage selected for sample policy coverage.",74,TRUE,"Feb 15, 2025","Feb 14, 2026",FALSE,COV017,EXPIRED,POL000137
POL_ADMIN,LOC000273,AST-POL000137-02,OCCURRENCE,,110000.00,PER_OCCURRENCE,220000.00,22000.00,110000.00,1000.00,FLAT,415.0000,20.00,VEHICLE,8300.00,8881.00,9130.00,9130.00,TRUE,415.00,664.00,ACTUAL_CASH_VALUE,FALSE,EXCESS,50.00,FALSE,,"Feb 15, 2025","Generated from EXPIRED policy status, Hired and Non-Owned Liability Vehicle Damage Coverage selected for sample policy coverage.",85,TRUE,"Feb 15, 2025","Feb 14, 2026",FALSE,COV018,EXPIRED,POL000137
POL_ADMIN,LOC000274,AST-POL000138-01,OCCURRENCE,,1100000.00,COMBINED_SINGLE_LIMIT,1650000.00,220000.00,1100000.00,0.00,FLAT,0.0073,1581967.00,SALES,11548.36,12495.32,12841.78,8090.32,FALSE,577.42,923.87,STATED_AMOUNT,FALSE,PRIMARY,100.00,TRUE,"Apr 21, 2025","Feb 18, 2025","Generated from ACTIVE policy status, Hired and Non-Owned Liability Core Liability Coverage selected for sample policy coverage.",91,TRUE,"Feb 18, 2025","Feb 17, 2026",TRUE,COV019,ENDORSED,POL000138
POL_ADMIN,LOC000275,AST-POL000138-02,OCCURRENCE,,300000.00,PER_OCCURRENCE,600000.00,30000.00,300000.00,500.00,FLAT,470.0000,23.00,VEHICLE,10810.00,10355.98,9815.48,6968.99,FALSE,540.50,0.00,ACTUAL_CASH_VALUE,FALSE,EXCESS,50.00,FALSE,,"Feb 18, 2025","Generated from ACTIVE policy status, Hired and Non-Owned Liability Vehicle Damage Coverage selected for sample policy coverage.",29,FALSE,"Feb 18, 2025","Feb 17, 2026",TRUE,COV020,ACTIVE,POL000138
POL_ADMIN,LOC000276,AST-POL000138-03,OCCURRENCE,,650000.00,COMBINED_SINGLE_LIMIT,975000.00,97500.00,650000.00,0.00,FLAT,0.0087,1631967.00,SALES,14198.11,13914.15,13204.24,10431.35,FALSE,709.91,0.00,STATED_AMOUNT,FALSE,UMBRELLA,25.00,TRUE,"Apr 23, 2025","Feb 18, 2025","Generated from ACTIVE policy status, Hired and Non-Owned Excess Liability Core Liability Coverage selected for sample policy coverage.",40,FALSE,"Feb 18, 2025","Feb 17, 2026",TRUE,COV021,ENDORSED,POL000138
POL_ADMIN,LOC000277,AST-POL000139-01,OCCURRENCE,,600000.00,COMBINED_SINGLE_LIMIT,900000.00,60000.00,600000.00,0.00,FLAT,0.0080,1655558.00,SALES,13244.46,12847.13,12184.91,8651.28,FALSE,662.22,0.00,STATED_AMOUNT,FALSE,PRIMARY,100.00,FALSE,,"Feb 21, 2025","Generated from ACTIVE policy status, Hired and Non-Owned Excess Liability Core Liability Coverage selected for sample policy coverage.",35,FALSE,"Feb 21, 2025","Feb 20, 2026",TRUE,COV021,ACTIVE,POL000139
POL_ADMIN,LOC000278,AST-POL000140-01,OCCURRENCE,,1300000.00,COMBINED_SINGLE_LIMIT,1950000.00,195000.00,1300000.00,0.00,FLAT,0.0087,1729149.00,SALES,15043.60,15103.77,14878.12,11753.71,FALSE,225.65,0.00,STATED_AMOUNT,FALSE,PRIMARY,100.00,FALSE,,"Feb 24, 2025","Generated from ISSUED policy status, Hired and Non-Owned Excess Liability Core Liability Coverage selected for sample policy coverage.",52,FALSE,"Feb 24, 2025","Feb 23, 2026",TRUE,COV023,ACTIVE,POL000140
POL_ADMIN,LOC000279,AST-POL000140-02,OCCURRENCE,,225000.00,PER_OCCURRENCE,450000.00,45000.00,225000.00,500.00,FLAT,580.0000,29.00,VEHICLE,16820.00,17257.32,17005.02,9352.76,FALSE,252.30,0.00,ACTUAL_CASH_VALUE,FALSE,EXCESS,50.00,FALSE,,"Feb 24, 2025","Generated from ISSUED policy status, Hired and Non-Owned Excess Liability Vehicle Damage Coverage selected for sample policy coverage.",63,FALSE,"Feb 24, 2025","Feb 23, 2026",TRUE,COV024,ACTIVE,POL000140
POL_ADMIN,LOC000280,AST-POL000141-01,CLAIMS_MADE,"Feb 27, 2024",450000.00,COMBINED_SINGLE_LIMIT,675000.00,90000.00,450000.00,0.00,FLAT,0.0045,1802740.00,SALES,8112.33,8420.60,8014.98,4408.24,FALSE,405.62,0.00,STATED_AMOUNT,FALSE,PRIMARY,100.00,FALSE,,"Feb 27, 2025","Generated from ISSUED policy status, Trucking Liability Core Liability Coverage selected for sample policy coverage.",69,FALSE,"Feb 27, 2025","Feb 26, 2026",TRUE,COV025,ACTIVE,POL000141
POL_ADMIN,LOC000281,AST-POL000141-02,OCCURRENCE,,100000.00,PER_OCCURRENCE,200000.00,10000.00,100000.00,1000.00,FLAT,635.0000,2.00,VEHICLE,1270.00,1346.20,1384.30,872.11,FALSE,63.50,101.60,ACTUAL_CASH_VALUE,FALSE,EXCESS,50.00,FALSE,,"Feb 27, 2025","Generated from ISSUED policy status, Trucking Liability Vehicle Damage Coverage selected for sample policy coverage.",80,TRUE,"Feb 27, 2025","Feb 26, 2026",TRUE,COV026,ACTIVE,POL000141
POL_ADMIN,LOC000282,AST-POL000141-03,OCCURRENCE,,1100000.00,COMBINED_SINGLE_LIMIT,1650000.00,165000.00,1100000.00,0.00,FLAT,0.0059,1852740.00,SALES,10931.17,11827.52,12155.46,8630.37,FALSE,546.56,874.49,STATED_AMOUNT,FALSE,UMBRELLA,25.00,FALSE,,"Feb 27, 2025","Generated from ISSUED policy status, Trucking Liability Core Liability Coverage selected for sample policy coverage.",91,TRUE,"Feb 27, 2025","Feb 26, 2026",TRUE,COV027,ACTIVE,POL000141
POL_ADMIN,LOC000283,AST-POL000142-01,OCCURRENCE,,1000000.00,COMBINED_SINGLE_LIMIT,1500000.00,100000.00,1000000.00,0.00,FLAT,0.0052,1876331.00,SALES,9756.92,10459.42,10752.13,6773.84,FALSE,487.85,780.55,STATED_AMOUNT,FALSE,PRIMARY,100.00,TRUE,"May 07, 2025","Mar 02, 2025","Generated from RENEWAL_PENDING policy status, Trucking Liability Core Liability Coverage selected for sample policy coverage.",86,TRUE,"Mar 02, 2025","Mar 01, 2026",TRUE,COV027,ENDORSED,POL000142
POL_ADMIN,LOC000284,AST-POL000143-01,OCCURRENCE,,550000.00,COMBINED_SINGLE_LIMIT,825000.00,82500.00,550000.00,0.00,FLAT,0.0059,1949922.00,SALES,11504.54,11044.36,10871.79,0.00,FALSE,172.57,0.00,STATED_AMOUNT,FALSE,PRIMARY,100.00,FALSE,,"Mar 05, 2025","Generated from QUOTE policy status, Truckers Cargo Coverage Core Liability Coverage selected for sample policy coverage.",30,FALSE,"Mar 05, 2025","Mar 04, 2026",TRUE,COV029,QUOTED,POL000143
POL_ADMIN,LOC000285,AST-POL000143-02,OCCURRENCE,,120000.00,PER_OCCURRENCE,240000.00,24000.00,120000.00,1000.00,FLAT,745.0000,8.00,VEHICLE,5960.00,5852.72,5763.32,0.00,FALSE,89.40,0.00,ACTUAL_CASH_VALUE,FALSE,EXCESS,50.00,TRUE,"May 12, 2025","Mar 05, 2025","Generated from QUOTE policy status, Truckers Cargo Coverage Vehicle Damage Coverage selected for sample policy coverage.",41,FALSE,"Mar 05, 2025","Mar 04, 2026",TRUE,COV030,REQUESTED,POL000143
POL_ADMIN,LOC000286,AST-POL000144-01,OCCURRENCE,,1200000.00,COMBINED_SINGLE_LIMIT,1800000.00,240000.00,1200000.00,0.00,FLAT,0.0066,273513.00,SALES,1805.19,1794.35,1767.28,88.36,FALSE,27.08,0.00,STATED_AMOUNT,FALSE,PRIMARY,100.00,TRUE,"May 15, 2025","Mar 08, 2025","Generated from UNDER_REVIEW policy status, Truckers Cargo Coverage Core Liability Coverage selected for sample policy coverage.",47,FALSE,"Mar 08, 2025","Mar 07, 2026",TRUE,COV031,APPROVED,POL000144
POL_ADMIN,LOC000287,AST-POL000144-02,OCCURRENCE,,325000.00,PER_OCCURRENCE,650000.00,32500.00,325000.00,500.00,FLAT,360.0000,11.00,VEHICLE,3960.00,4023.36,3963.96,198.20,FALSE,59.40,0.00,ACTUAL_CASH_VALUE,FALSE,EXCESS,50.00,FALSE,,"Mar 08, 2025","Generated from UNDER_REVIEW policy status, Truckers Cargo Coverage Vehicle Damage Coverage selected for sample policy coverage.",58,FALSE,"Mar 08, 2025","Mar 07, 2026",TRUE,COV032,UW_REVIEW,POL000144
POL_ADMIN,LOC000288,AST-POL000144-03,OCCURRENCE,,450000.00,PER_OCCURRENCE,900000.00,67500.00,225000.00,2500.00,FLAT,0.0038,450000.00,INSURED_VALUE,1710.00,1774.98,1749.33,87.47,FALSE,25.65,0.00,REPLACEMENT_COST,FALSE,UMBRELLA,25.00,FALSE,,"Mar 08, 2025","Generated from UNDER_REVIEW policy status, Building Basic Perils Covered Property Coverage selected for sample policy coverage.",69,FALSE,"Mar 08, 2025","Mar 07, 2026",TRUE,COV033,APPROVED,POL000144
POL_ADMIN,LOC000289,AST-POL000145-01,OCCURRENCE,,650000.00,PER_OCCURRENCE,1300000.00,65000.00,325000.00,2500.00,FLAT,0.0032,650000.00,INSURED_VALUE,2080.00,2138.24,2107.04,2107.04,TRUE,31.20,0.00,AGREED_VALUE,TRUE,PRIMARY,100.00,FALSE,,"Mar 11, 2025","Generated from EXPIRED policy status, Building Basic Perils Covered Property Coverage selected for sample policy coverage.",64,FALSE,"Mar 11, 2025","Mar 10, 2026",FALSE,COV033,EXPIRED,POL000145
POL_ADMIN,LOC000290,AST-POL000146-01,OCCURRENCE,,900000.00,PER_OCCURRENCE,1800000.00,135000.00,450000.00,1000.00,FLAT,0.0038,900000.00,INSURED_VALUE,3420.00,3632.04,3734.64,2352.82,FALSE,171.00,273.60,REPLACEMENT_COST,TRUE,PRIMARY,100.00,TRUE,"May 23, 2025","Mar 14, 2025","Generated from ACTIVE policy status, Building Basic Perils Covered Property Coverage selected for sample policy coverage.",81,TRUE,"Mar 14, 2025","Mar 13, 2026",TRUE,COV035,ENDORSED,POL000146
POL_ADMIN,LOC000291,AST-POL000146-02,OCCURRENCE,,250000.00,AGGREGATE,250000.00,50000.00,250000.00,0.00,FRANCHISE,0.0030,471385.00,GROSS_EARNINGS,1414.15,1532.94,1575.37,1118.51,FALSE,70.71,113.13,REPLACEMENT_COST,FALSE,EXCESS,50.00,FALSE,,"Mar 14, 2025","Generated from ACTIVE policy status, Building Basic Perils Income Protection Coverage selected for sample policy coverage.",92,TRUE,"Mar 14, 2025","Mar 13, 2026",TRUE,COV036,ACTIVE,POL000146
POL_ADMIN,LOC000292,AST-POL000147-01,OCCURRENCE,,500000.00,PER_OCCURRENCE,1000000.00,100000.00,250000.00,2500.00,FLAT,0.0044,500000.00,INSURED_VALUE,2200.00,2090.00,2057.00,1460.47,FALSE,33.00,0.00,REPLACEMENT_COST,TRUE,PRIMARY,100.00,FALSE,,"Mar 17, 2025","Generated from ACTIVE policy status, Building Special Perils Covered Property Coverage selected for sample policy coverage.",25,FALSE,"Mar 17, 2025","Mar 16, 2026",TRUE,COV037,ACTIVE,POL000147
POL_ADMIN,LOC000293,AST-POL000147-02,OCCURRENCE,,110000.00,AGGREGATE,110000.00,11000.00,110000.00,0.00,FRANCHISE,0.0035,513498.00,GROSS_EARNINGS,1797.24,1746.92,1719.96,1358.77,FALSE,26.96,0.00,AGREED_VALUE,FALSE,EXCESS,50.00,TRUE,"May 28, 2025","Mar 17, 2025","Generated from ACTIVE policy status, Building Special Perils Income Protection Coverage selected for sample policy coverage.",36,FALSE,"Mar 17, 2025","Mar 16, 2026",TRUE,COV038,ENDORSED,POL000147
POL_ADMIN,LOC000294,AST-POL000147-03,OCCURRENCE,,1200000.00,PER_OCCURRENCE,2400000.00,180000.00,600000.00,1000.00,FLAT,0.0056,1200000.00,INSURED_VALUE,6720.00,6679.68,6578.88,3618.38,FALSE,100.80,0.00,REPLACEMENT_COST,FALSE,UMBRELLA,25.00,FALSE,,"Mar 17, 2025","Generated from ACTIVE policy status, Building Special Perils Covered Property Coverage selected for sample policy coverage.",47,FALSE,"Mar 17, 2025","Mar 16, 2026",TRUE,COV039,ACTIVE,POL000147
POL_ADMIN,LOC000295,AST-POL000148-01,OCCURRENCE,,1100000.00,PER_OCCURRENCE,2200000.00,110000.00,550000.00,1000.00,FLAT,0.0050,1100000.00,INSURED_VALUE,5500.00,5412.00,5329.50,4210.31,FALSE,82.50,0.00,REPLACEMENT_COST,TRUE,PRIMARY,100.00,TRUE,"May 31, 2025","Mar 20, 2025","Generated from ACTIVE policy status, Building Special Perils Covered Property Coverage selected for sample policy coverage.",42,FALSE,"Mar 20, 2025","Mar 19, 2026",TRUE,COV039,ENDORSED,POL000148
POL_ADMIN,LOC000296,AST-POL000149-01,OCCURRENCE,,600000.00,PER_OCCURRENCE,1200000.00,90000.00,300000.00,2500.00,FLAT,0.0056,600000.00,INSURED_VALUE,3360.00,3420.48,3370.08,1853.54,FALSE,50.40,0.00,AGREED_VALUE,TRUE,PRIMARY,100.00,FALSE,,"Mar 23, 2025","Generated from ISSUED policy status, Business Contents Coverage Covered Property Coverage selected for sample policy coverage.",59,FALSE,"Mar 23, 2025","Mar 22, 2026",TRUE,COV041,ACTIVE,POL000149
POL_ADMIN,LOC000297,AST-POL000149-02,OCCURRENCE,,130000.00,AGGREGATE,130000.00,26000.00,130000.00,0.00,FRANCHISE,0.0045,597724.00,GROSS_EARNINGS,2689.76,2797.35,2757.00,1736.91,FALSE,40.35,0.00,ACTUAL_CASH_VALUE,FALSE,EXCESS,50.00,FALSE,,"Mar 23, 2025","Generated from ISSUED policy status, Business Contents Coverage Income Protection Coverage selected for sample policy coverage.",70,FALSE,"Mar 23, 2025","Mar 22, 2026",TRUE,COV042,ACTIVE,POL000149
POL_ADMIN,LOC000298,AST-POL000150-01,OCCURRENCE,,1300000.00,PER_OCCURRENCE,2600000.00,260000.00,650000.00,1000.00,FLAT,0.0062,1300000.00,INSURED_VALUE,8060.00,8479.12,8720.92,5494.18,FALSE,403.00,644.80,REPLACEMENT_COST,TRUE,PRIMARY,100.00,TRUE,"Jun 08, 2025","Mar 26, 2025","Generated from RENEWAL_PENDING policy status, Business Contents Coverage Covered Property Coverage selected for sample policy coverage.",76,TRUE,"Mar 26, 2025","Mar 25, 2026",TRUE,COV043,ENDORSED,POL000150
POL_ADMIN,LOC000299,AST-POL000150-02,DISCOVERY,,225000.00,AGGREGATE,225000.00,22500.00,225000.00,0.00,FRANCHISE,0.0025,639837.00,GROSS_EARNINGS,1599.59,1717.96,1765.95,1253.82,FALSE,79.98,127.97,REPLACEMENT_COST,FALSE,EXCESS,50.00,FALSE,,"Mar 26, 2025","Generated from RENEWAL_PENDING policy status, Business Contents Coverage Income Protection Coverage selected for sample policy coverage.",87,TRUE,"Mar 26, 2025","Mar 25, 2026",TRUE,COV044,ACTIVE,POL000150
POL_ADMIN,LOC000300,AST-POL000150-03,OCCURRENCE,,500000.00,PER_OCCURRENCE,1000000.00,75000.00,250000.00,2500.00,FLAT,0.0038,500000.00,INSURED_VALUE,1900.00,1805.00,1710.00,1350.90,FALSE,95.00,0.00,REPLACEMENT_COST,FALSE,UMBRELLA,25.00,TRUE,"Jun 10, 2025","Mar 26, 2025","Generated from RENEWAL_PENDING policy status, Business Equipment Coverage Covered Property Coverage selected for sample policy coverage.",25,FALSE,"Mar 26, 2025","Mar 25, 2026",TRUE,COV045,ENDORSED,POL000150
POL_ADMIN,LOC000301,AST-POL000151-01,OCCURRENCE,,450000.00,PER_OCCURRENCE,900000.00,45000.00,225000.00,2500.00,FLAT,0.0032,450000.00,INSURED_VALUE,1440.00,1563.84,1657.44,1176.78,FALSE,21.60,115.20,REPLACEMENT_COST,TRUE,PRIMARY,100.00,FALSE,,"Mar 29, 2025","Generated from REINSTATED policy status, Business Equipment Coverage Covered Property Coverage selected for sample policy coverage.",93,TRUE,"Mar 29, 2025","Mar 28, 2026",TRUE,COV045,REINSTATED,POL000151
POL_ADMIN,LOC000302,AST-POL000152-01,OCCURRENCE,,1000000.00,PER_OCCURRENCE,2000000.00,150000.00,500000.00,1000.00,FLAT,0.0038,1000000.00,INSURED_VALUE,3800.00,3701.20,3644.20,182.21,FALSE,57.00,0.00,REPLACEMENT_COST,TRUE,PRIMARY,100.00,FALSE,,"Apr 01, 2025","Generated from UNDER_REVIEW policy status, Business Equipment Coverage Covered Property Coverage selected for sample policy coverage.",37,FALSE,"Apr 01, 2025","Mar 31, 2026",TRUE,COV047,APPROVED,POL000152
POL_ADMIN,LOC000303,AST-POL000152-02,OCCURRENCE,,275000.00,AGGREGATE,275000.00,55000.00,275000.00,0.00,FRANCHISE,0.0035,724063.00,GROSS_EARNINGS,2534.22,2524.08,2486.07,124.30,FALSE,38.01,0.00,STATED_AMOUNT,FALSE,EXCESS,50.00,FALSE,,"Apr 01, 2025","Generated from UNDER_REVIEW policy status, Business Equipment Coverage Income Protection Coverage selected for sample policy coverage.",48,FALSE,"Apr 01, 2025","Mar 31, 2026",TRUE,COV048,UW_REVIEW,POL000152
POL_ADMIN,LOC000304,AST-POL000153-01,OCCURRENCE,,550000.00,PER_OCCURRENCE,1100000.00,110000.00,275000.00,2500.00,FLAT,0.0044,550000.00,INSURED_VALUE,2420.00,2439.36,2403.06,2403.06,TRUE,36.30,0.00,AGREED_VALUE,TRUE,PRIMARY,100.00,FALSE,,"Apr 04, 2025","Generated from EXPIRED policy status, Business Income Coverage Covered Property Coverage selected for sample policy coverage.",54,FALSE,"Apr 04, 2025","Apr 03, 2026",FALSE,COV049,EXPIRED,POL000153
POL_ADMIN,LOC000305,AST-POL000153-02,OCCURRENCE,,120000.00,AGGREGATE,120000.00,12000.00,120000.00,0.00,FRANCHISE,0.0040,766176.00,GROSS_EARNINGS,3064.70,3156.65,3110.67,3110.67,TRUE,45.97,0.00,ACTUAL_CASH_VALUE,FALSE,EXCESS,50.00,FALSE,,"Apr 04, 2025","Generated from EXPIRED policy status, Business Income Coverage Income Protection Coverage selected for sample policy coverage.",65,FALSE,"Apr 04, 2025","Apr 03, 2026",FALSE,COV050,EXPIRED,POL000153
POL_ADMIN,LOC000306,AST-POL000153-03,OCCURRENCE,,1300000.00,PER_OCCURRENCE,2600000.00,195000.00,650000.00,1000.00,FLAT,0.0056,1300000.00,INSURED_VALUE,7280.00,7658.56,8131.76,8131.76,TRUE,109.20,582.40,AGREED_VALUE,FALSE,UMBRELLA,25.00,TRUE,"Jun 22, 2025","Apr 04, 2025","Generated from EXPIRED policy status, Business Income Coverage Covered Property Coverage selected for sample policy coverage.",76,TRUE,"Apr 04, 2025","Apr 03, 2026",FALSE,COV051,EXPIRED,POL000153
POL_ADMIN,LOC000307,AST-POL000154-01,OCCURRENCE,,1200000.00,PER_OCCURRENCE,2400000.00,120000.00,600000.00,1000.00,FLAT,0.0050,1200000.00,INSURED_VALUE,6000.00,6252.00,5952.00,3749.76,FALSE,300.00,0.00,REPLACEMENT_COST,TRUE,PRIMARY,100.00,TRUE,"Jun 24, 2025","Apr 07, 2025","Generated from ACTIVE policy status, Business Income Coverage Covered Property Coverage selected for sample policy coverage.",71,FALSE,"Apr 07, 2025","Apr 06, 2026",TRUE,COV051,ENDORSED,POL000154
POL_ADMIN,LOC000308,AST-POL000155-01,OCCURRENCE,,650000.00,PER_OCCURRENCE,1300000.00,97500.00,325000.00,2500.00,FLAT,0.0056,650000.00,INSURED_VALUE,3640.00,3916.64,4153.24,2948.80,FALSE,54.60,291.20,REPLACEMENT_COST,TRUE,PRIMARY,100.00,TRUE,"Jun 28, 2025","Apr 10, 2025","Generated from ACTIVE policy status, Extra Expense Coverage Covered Property Coverage selected for sample policy coverage.",88,TRUE,"Apr 10, 2025","Apr 09, 2026",TRUE,COV053,ACTIVE,POL000155
POL_ADMIN,LOC000309,AST-POL000155-02,DISCOVERY,,90000.00,AGGREGATE,90000.00,18000.00,90000.00,0.00,FRANCHISE,0.0025,850402.00,GROSS_EARNINGS,2126.01,2023.96,1992.07,1573.73,FALSE,31.89,0.00,AGREED_VALUE,FALSE,EXCESS,50.00,TRUE,"Jun 29, 2025","Apr 10, 2025","Generated from ACTIVE policy status, Extra Expense Coverage Income Protection Coverage selected for sample policy coverage.",26,FALSE,"Apr 10, 2025","Apr 09, 2026",TRUE,COV054,ENDORSED,POL000155
POL_ADMIN,LOC000310,AST-POL000156-01,OCCURRENCE,,900000.00,PER_OCCURRENCE,1800000.00,180000.00,450000.00,1000.00,FLAT,0.0062,900000.00,INSURED_VALUE,5580.00,5379.12,5295.42,4183.38,FALSE,83.70,0.00,REPLACEMENT_COST,TRUE,PRIMARY,100.00,TRUE,"Jul 02, 2025","Apr 13, 2025","Generated from ACTIVE policy status, Extra Expense Coverage Covered Property Coverage selected for sample policy coverage.",32,FALSE,"Apr 13, 2025","Apr 12, 2026",TRUE,COV055,ENDORSED,POL000156
POL_ADMIN,LOC000311,AST-POL000156-02,OCCURRENCE,,250000.00,AGGREGATE,250000.00,25000.00,250000.00,0.00,FRANCHISE,0.0030,892515.00,GROSS_EARNINGS,2677.55,2640.06,2599.90,1429.94,FALSE,40.16,0.00,STATED_AMOUNT,FALSE,EXCESS,50.00,FALSE,,"Apr 13, 2025","Generated from ACTIVE policy status, Extra Expense Coverage Income Protection Coverage selected for sample policy coverage.",43,FALSE,"Apr 13, 2025","Apr 12, 2026",TRUE,COV056,ACTIVE,POL000156
POL_ADMIN,LOC000312,AST-POL000156-03,OCCURRENCE,,550000.00,PER_OCCURRENCE,1100000.00,82500.00,275000.00,2500.00,FLAT,0.0038,550000.00,INSURED_VALUE,2090.00,2106.72,2075.37,1307.48,FALSE,31.35,0.00,REPLACEMENT_COST,FALSE,UMBRELLA,25.00,TRUE,"Jul 04, 2025","Apr 13, 2025","Generated from ACTIVE policy status, Special Form All Risk Property Covered Property Coverage selected for sample policy coverage.",54,FALSE,"Apr 13, 2025","Apr 12, 2026",TRUE,COV057,ENDORSED,POL000156
POL_ADMIN,LOC000313,AST-POL000157-01,OCCURRENCE,,500000.00,PER_OCCURRENCE,1000000.00,50000.00,250000.00,2500.00,FLAT,0.0032,500000.00,INSURED_VALUE,1600.00,1596.80,1572.80,865.04,FALSE,24.00,0.00,AGREED_VALUE,TRUE,PRIMARY,100.00,FALSE,,"Apr 16, 2025","Generated from ISSUED policy status, Special Form All Risk Property Covered Property Coverage selected for sample policy coverage.",49,FALSE,"Apr 16, 2025","Apr 15, 2026",TRUE,COV057,ACTIVE,POL000157
POL_ADMIN,LOC000314,AST-POL000158-01,OCCURRENCE,,1100000.00,PER_OCCURRENCE,2200000.00,165000.00,550000.00,1000.00,FLAT,0.0038,1100000.00,INSURED_VALUE,4180.00,4313.76,4104.76,615.71,FALSE,209.00,0.00,REPLACEMENT_COST,TRUE,PRIMARY,100.00,FALSE,,"Apr 19, 2025","Generated from BOUND policy status, Special Form All Risk Property Covered Property Coverage selected for sample policy coverage.",66,FALSE,"Apr 19, 2025","Apr 18, 2026",TRUE,COV059,BOUND,POL000158
POL_ADMIN,LOC000315,AST-POL000158-02,OCCURRENCE,,300000.00,AGGREGATE,300000.00,60000.00,300000.00,0.00,FRANCHISE,0.0040,976741.00,GROSS_EARNINGS,3906.96,4117.94,4235.15,635.27,FALSE,195.35,312.56,REPLACEMENT_COST,FALSE,EXCESS,50.00,FALSE,,"Apr 19, 2025","Generated from BOUND policy status, Special Form All Risk Property Income Protection Coverage selected for sample policy coverage.",77,TRUE,"Apr 19, 2025","Apr 18, 2026",TRUE,COV060,BOUND,POL000158
POL_ADMIN,LOC000316,AST-POL000159-01,OCCURRENCE,,600000.00,AGGREGATE,600000.00,120000.00,300000.00,2.00,PERCENTAGE,0.0044,600000.00,INSURED_VALUE,2640.00,2814.24,2985.84,2119.95,FALSE,39.60,211.20,REPLACEMENT_COST,TRUE,PRIMARY,100.00,FALSE,,"Apr 22, 2025","Generated from REINSTATED policy status, Special Form Catastrophe Extension Covered Property Coverage selected for sample policy coverage.",83,TRUE,"Apr 22, 2025","Apr 21, 2026",TRUE,COV061,REINSTATED,POL000159
POL_ADMIN,LOC000317,AST-POL000159-02,OCCURRENCE,,130000.00,AGGREGATE,130000.00,13000.00,130000.00,0.00,FRANCHISE,0.0045,68854.00,GROSS_EARNINGS,309.84,337.11,357.25,282.23,FALSE,4.65,24.79,AGREED_VALUE,FALSE,EXCESS,50.00,FALSE,,"Apr 22, 2025","Generated from REINSTATED policy status, Special Form Catastrophe Extension Income Protection Coverage selected for sample policy coverage.",94,TRUE,"Apr 22, 2025","Apr 21, 2026",TRUE,COV062,ACTIVE,POL000159
POL_ADMIN,LOC000318,AST-POL000159-03,OCCURRENCE,,900000.00,AGGREGATE,900000.00,135000.00,450000.00,1.00,PERCENTAGE,0.0056,900000.00,INSURED_VALUE,5040.00,4858.56,4782.96,2630.63,FALSE,75.60,0.00,REPLACEMENT_COST,FALSE,UMBRELLA,25.00,FALSE,,"Apr 22, 2025","Generated from REINSTATED policy status, Special Form Catastrophe Extension Covered Property Coverage selected for sample policy coverage.",32,FALSE,"Apr 22, 2025","Apr 21, 2026",TRUE,COV063,REINSTATED,POL000159
POL_ADMIN,LOC000319,AST-POL000160-01,OCCURRENCE,,1300000.00,AGGREGATE,1300000.00,130000.00,650000.00,1.00,PERCENTAGE,0.0050,1300000.00,INSURED_VALUE,6500.00,6201.00,6103.50,305.18,FALSE,97.50,0.00,REPLACEMENT_COST,TRUE,PRIMARY,100.00,FALSE,,"Apr 25, 2025","Generated from APPLICATION policy status, Special Form Catastrophe Extension Covered Property Coverage selected for sample policy coverage.",27,FALSE,"Apr 25, 2025","Apr 24, 2026",TRUE,COV063,UW_REVIEW,POL000160
POL_ADMIN,LOC000320,AST-POL000161-01,CLAIMS_MADE,"Apr 28, 2024",450000.00,COMBINED_SINGLE_LIMIT,675000.00,67500.00,450000.00,0.00,FLAT,0.0087,1524560.00,SALES,13263.67,13104.51,12905.55,12905.55,TRUE,198.96,0.00,STATED_AMOUNT,FALSE,PRIMARY,100.00,FALSE,,"Apr 28, 2025","Generated from CANCELLED policy status, Personal Auto Liability Core Liability Coverage selected for sample policy coverage.",44,FALSE,"Apr 28, 2025","Dec 05, 2025",FALSE,COV065,CANCELLED,POL000161
POL_ADMIN,LOC000321,AST-POL000161-02,OCCURRENCE,,100000.00,PER_OCCURRENCE,200000.00,20000.00,100000.00,1000.00,FLAT,415.0000,2.00,VEHICLE,830.00,838.30,825.85,825.85,TRUE,12.45,0.00,ACTUAL_CASH_VALUE,FALSE,EXCESS,50.00,FALSE,,"Apr 28, 2025","Generated from CANCELLED policy status, Personal Auto Liability Vehicle Damage Coverage selected for sample policy coverage.",55,FALSE,"Apr 28, 2025","Dec 05, 2025",FALSE,COV066,CANCELLED,POL000161
POL_ADMIN,LOC000322,AST-POL000162-01,OCCURRENCE,,1000000.00,COMBINED_SINGLE_LIMIT,1500000.00,200000.00,1000000.00,0.00,FLAT,0.0045,1598151.00,SALES,7191.68,7349.90,6990.31,4403.90,FALSE,359.58,0.00,STATED_AMOUNT,FALSE,PRIMARY,100.00,TRUE,"Jul 26, 2025","May 01, 2025","Generated from ACTIVE policy status, Personal Auto Liability Core Liability Coverage selected for sample policy coverage.",61,FALSE,"May 01, 2025","Apr 30, 2026",TRUE,COV067,ENDORSED,POL000162
POL_ADMIN,LOC000323,AST-POL000162-02,OCCURRENCE,,275000.00,PER_OCCURRENCE,550000.00,27500.00,275000.00,500.00,FLAT,470.0000,5.00,VEHICLE,2350.00,2453.40,2335.90,1658.49,FALSE,117.50,0.00,ACTUAL_CASH_VALUE,FALSE,EXCESS,50.00,FALSE,,"May 01, 2025","Generated from ACTIVE policy status, Personal Auto Liability Vehicle Damage Coverage selected for sample policy coverage.",72,TRUE,"May 01, 2025","Apr 30, 2026",TRUE,COV068,ACTIVE,POL000162
POL_ADMIN,LOC000324,AST-POL000162-03,OCCURRENCE,,600000.00,COMBINED_SINGLE_LIMIT,900000.00,90000.00,600000.00,0.00,FLAT,0.0059,1648151.00,SALES,9724.09,10365.88,10657.60,8419.51,FALSE,486.20,777.93,STATED_AMOUNT,FALSE,UMBRELLA,25.00,TRUE,"Jul 28, 2025","May 01, 2025","Generated from ACTIVE policy status, Personal Auto Physical Damage Core Liability Coverage selected for sample policy coverage.",83,TRUE,"May 01, 2025","Apr 30, 2026",TRUE,COV069,ENDORSED,POL000162
POL_ADMIN,LOC000325,AST-POL000163-01,OCCURRENCE,,550000.00,COMBINED_SINGLE_LIMIT,825000.00,55000.00,550000.00,0.00,FLAT,0.0052,1671742.00,SALES,8693.06,9179.87,9744.92,6918.89,FALSE,130.40,695.44,STATED_AMOUNT,FALSE,PRIMARY,100.00,FALSE,,"May 04, 2025","Generated from ACTIVE policy status, Personal Auto Physical Damage Core Liability Coverage selected for sample policy coverage.",78,TRUE,"May 04, 2025","May 03, 2026",TRUE,COV069,ACTIVE,POL000163
POL_ADMIN,LOC000326,AST-POL000164-01,OCCURRENCE,,1200000.00,COMBINED_SINGLE_LIMIT,1800000.00,180000.00,1200000.00,0.00,FLAT,0.0059,1745333.00,SALES,10297.46,11224.24,11893.57,9395.92,FALSE,154.46,823.80,STATED_AMOUNT,FALSE,PRIMARY,100.00,TRUE,"Aug 03, 2025","May 07, 2025","Generated from ACTIVE policy status, Personal Auto Physical Damage Core Liability Coverage selected for sample policy coverage.",95,TRUE,"May 07, 2025","May 06, 2026",TRUE,COV071,ENDORSED,POL000164
POL_ADMIN,LOC000327,AST-POL000164-02,OCCURRENCE,,325000.00,PER_OCCURRENCE,650000.00,65000.00,325000.00,500.00,FLAT,580.0000,11.00,VEHICLE,6380.00,6163.08,6067.38,3337.06,FALSE,95.70,0.00,ACTUAL_CASH_VALUE,FALSE,EXCESS,50.00,FALSE,,"May 07, 2025","Generated from ACTIVE policy status, Personal Auto Physical Damage Vehicle Damage Coverage selected for sample policy coverage.",33,FALSE,"May 07, 2025","May 06, 2026",TRUE,COV072,ACTIVE,POL000164
POL_ADMIN,LOC000328,AST-POL000165-01,CLAIMS_MADE,"May 10, 2024",650000.00,COMBINED_SINGLE_LIMIT,975000.00,130000.00,650000.00,0.00,FLAT,0.0066,1818924.00,SALES,12004.90,11740.79,11140.55,6127.30,FALSE,600.24,0.00,STATED_AMOUNT,FALSE,PRIMARY,100.00,FALSE,,"May 10, 2025","Generated from ISSUED policy status, Preferred Auto Liability Core Liability Coverage selected for sample policy coverage.",39,FALSE,"May 10, 2025","May 09, 2026",TRUE,COV073,ACTIVE,POL000165
POL_ADMIN,LOC000329,AST-POL000165-02,OCCURRENCE,,90000.00,PER_OCCURRENCE,180000.00,9000.00,90000.00,1000.00,FLAT,635.0000,14.00,VEHICLE,8890.00,8890.00,8445.50,5320.66,FALSE,444.50,0.00,ACTUAL_CASH_VALUE,FALSE,EXCESS,50.00,TRUE,"Aug 08, 2025","May 10, 2025","Generated from ISSUED policy status, Preferred Auto Liability Vehicle Damage Coverage selected for sample policy coverage.",50,FALSE,"May 10, 2025","May 09, 2026",TRUE,COV074,ACTIVE,POL000165
POL_ADMIN,LOC000330,AST-POL000165-03,OCCURRENCE,,1000000.00,COMBINED_SINGLE_LIMIT,1500000.00,150000.00,1000000.00,0.00,FLAT,0.0080,1868924.00,SALES,14951.39,15280.32,14532.75,10318.25,FALSE,747.57,0.00,STATED_AMOUNT,FALSE,UMBRELLA,25.00,FALSE,,"May 10, 2025","Generated from ISSUED policy status, Preferred Auto Liability Core Liability Coverage selected for sample policy coverage.",61,FALSE,"May 10, 2025","May 09, 2026",TRUE,COV075,ACTIVE,POL000165
POL_ADMIN,LOC000331,AST-POL000166-01,OCCURRENCE,,900000.00,COMBINED_SINGLE_LIMIT,1350000.00,90000.00,900000.00,0.00,FLAT,0.0073,1892515.00,SALES,13815.36,13981.14,13290.38,1993.56,FALSE,690.77,0.00,STATED_AMOUNT,FALSE,PRIMARY,100.00,TRUE,"Aug 11, 2025","May 13, 2025","Generated from BOUND policy status, Preferred Auto Liability Core Liability Coverage selected for sample policy coverage.",56,FALSE,"May 13, 2025","May 12, 2026",TRUE,COV075,BOUND,POL000166
POL_ADMIN,LOC000332,AST-POL000167-01,OCCURRENCE,,500000.00,COMBINED_SINGLE_LIMIT,750000.00,75000.00,500000.00,0.00,FLAT,0.0080,1966106.00,SALES,15728.85,16452.38,15665.93,11122.81,FALSE,786.44,0.00,STATED_AMOUNT,FALSE,PRIMARY,100.00,FALSE,,"May 16, 2025","Generated from REINSTATED policy status, Preferred Auto Comprehensive Core Liability Coverage selected for sample policy coverage.",73,TRUE,"May 16, 2025","May 15, 2026",TRUE,COV077,REINSTATED,POL000167
POL_ADMIN,LOC000333,AST-POL000167-02,OCCURRENCE,,110000.00,PER_OCCURRENCE,220000.00,22000.00,110000.00,1000.00,FLAT,745.0000,20.00,VEHICLE,14900.00,15913.20,16360.20,12924.56,FALSE,745.00,1192.00,ACTUAL_CASH_VALUE,FALSE,EXCESS,50.00,FALSE,,"May 16, 2025","Generated from REINSTATED policy status, Preferred Auto Comprehensive Vehicle Damage Coverage selected for sample policy coverage.",84,TRUE,"May 16, 2025","May 15, 2026",TRUE,COV078,ACTIVE,POL000167
POL_ADMIN,LOC000334,AST-POL000168-01,OCCURRENCE,,1100000.00,COMBINED_SINGLE_LIMIT,1650000.00,220000.00,1100000.00,0.00,FLAT,0.0087,289697.00,SALES,2520.36,2721.99,2885.82,144.29,FALSE,37.81,201.63,STATED_AMOUNT,FALSE,PRIMARY,100.00,FALSE,,"May 19, 2025","Generated from APPLICATION policy status, Preferred Auto Comprehensive Core Liability Coverage selected for sample policy coverage.",90,TRUE,"May 19, 2025","May 18, 2026",TRUE,COV079,UW_REVIEW,POL000168
POL_ADMIN,LOC000335,AST-POL000168-02,OCCURRENCE,,300000.00,PER_OCCURRENCE,600000.00,30000.00,300000.00,500.00,FLAT,360.0000,23.00,VEHICLE,8280.00,7915.68,7791.48,0.00,FALSE,124.20,0.00,ACTUAL_CASH_VALUE,FALSE,EXCESS,50.00,FALSE,,"May 19, 2025","Generated from APPLICATION policy status, Preferred Auto Comprehensive Vehicle Damage Coverage selected for sample policy coverage.",28,FALSE,"May 19, 2025","May 18, 2026",TRUE,COV080,REQUESTED,POL000168
POL_ADMIN,LOC000336,AST-POL000168-03,OCCURRENCE,,650000.00,COMBINED_SINGLE_LIMIT,975000.00,97500.00,650000.00,0.00,FLAT,0.0052,339697.00,SALES,1766.42,1727.56,1701.07,85.05,FALSE,26.50,0.00,STATED_AMOUNT,FALSE,UMBRELLA,25.00,FALSE,,"May 19, 2025","Generated from APPLICATION policy status, Non-Standard Auto Liability Core Liability Coverage selected for sample policy coverage.",39,FALSE,"May 19, 2025","May 18, 2026",TRUE,COV081,UW_REVIEW,POL000168
POL_ADMIN,LOC000337,AST-POL000169-01,CLAIMS_MADE,"May 22, 2024",600000.00,COMBINED_SINGLE_LIMIT,900000.00,60000.00,600000.00,0.00,FLAT,0.0045,363288.00,SALES,1634.80,1582.48,1500.74,1500.74,TRUE,81.74,0.00,STATED_AMOUNT,FALSE,PRIMARY,100.00,FALSE,,"May 22, 2025","Generated from CANCELLED policy status, Non-Standard Auto Liability Core Liability Coverage selected for sample policy coverage.",34,FALSE,"May 22, 2025","Jan 06, 2026",FALSE,COV081,CANCELLED,POL000169
POL_ADMIN,LOC000338,AST-POL000170-01,OCCURRENCE,,1300000.00,COMBINED_SINGLE_LIMIT,1950000.00,195000.00,1300000.00,0.00,FLAT,0.0052,436879.00,SALES,2271.77,2276.31,2162.73,1362.52,FALSE,113.59,0.00,STATED_AMOUNT,FALSE,PRIMARY,100.00,TRUE,"Aug 27, 2025","May 25, 2025","Generated from ACTIVE policy status, Non-Standard Auto Liability Core Liability Coverage selected for sample policy coverage.",51,FALSE,"May 25, 2025","May 24, 2026",TRUE,COV083,ENDORSED,POL000170
POL_ADMIN,LOC000339,AST-POL000170-02,OCCURRENCE,,225000.00,PER_OCCURRENCE,450000.00,45000.00,225000.00,500.00,FLAT,470.0000,29.00,VEHICLE,13630.00,13957.12,13275.62,9425.69,FALSE,681.50,0.00,ACTUAL_CASH_VALUE,FALSE,EXCESS,50.00,FALSE,,"May 25, 2025","Generated from ACTIVE policy status, Non-Standard Auto Liability Vehicle Damage Coverage selected for sample policy coverage.",62,FALSE,"May 25, 2025","May 24, 2026",TRUE,COV084,ACTIVE,POL000170
POL_ADMIN,LOC000340,AST-POL000171-01,OCCURRENCE,,450000.00,COMBINED_SINGLE_LIMIT,675000.00,90000.00,450000.00,0.00,FLAT,0.0059,510470.00,SALES,3011.77,3120.20,2969.61,2108.42,FALSE,150.59,0.00,STATED_AMOUNT,FALSE,PRIMARY,100.00,FALSE,,"May 28, 2025","Generated from ACTIVE policy status, Non-Standard Financial Responsibility Filing Core Liability Coverage selected for sample policy coverage.",68,FALSE,"May 28, 2025","May 27, 2026",TRUE,COV085,ACTIVE,POL000171
POL_ADMIN,LOC000341,AST-POL000171-02,OCCURRENCE,,100000.00,PER_OCCURRENCE,200000.00,10000.00,100000.00,1000.00,FLAT,525.0000,2.00,VEHICLE,1050.00,1110.90,1142.40,902.50,FALSE,52.50,84.00,ACTUAL_CASH_VALUE,FALSE,EXCESS,50.00,TRUE,"Sep 01, 2025","May 28, 2025","Generated from ACTIVE policy status, Non-Standard Financial Responsibility Filing Vehicle Damage Coverage selected for sample policy coverage.",79,TRUE,"May 28, 2025","May 27, 2026",TRUE,COV086,ENDORSED,POL000171
POL_ADMIN,LOC000342,AST-POL000171-03,CLAIMS_MADE,"May 28, 2024",1100000.00,COMBINED_SINGLE_LIMIT,1650000.00,165000.00,1100000.00,0.00,FLAT,0.0073,560470.00,SALES,4091.43,4418.75,4541.49,2497.82,FALSE,204.57,327.31,STATED_AMOUNT,FALSE,UMBRELLA,25.00,FALSE,,"May 28, 2025","Generated from ACTIVE policy status, Non-Standard Financial Responsibility Filing Core Liability Coverage selected for sample policy coverage.",90,TRUE,"May 28, 2025","May 27, 2026",TRUE,COV087,ACTIVE,POL000171
POL_ADMIN,LOC000343,AST-POL000172-01,OCCURRENCE,,1000000.00,COMBINED_SINGLE_LIMIT,1500000.00,100000.00,1000000.00,0.00,FLAT,0.0066,584061.00,SALES,3854.80,4124.64,4375.20,3456.41,FALSE,57.82,308.38,STATED_AMOUNT,FALSE,PRIMARY,100.00,TRUE,"Sep 04, 2025","May 31, 2025","Generated from ACTIVE policy status, Non-Standard Financial Responsibility Filing Core Liability Coverage selected for sample policy coverage.",85,TRUE,"May 31, 2025","May 30, 2026",TRUE,COV087,ENDORSED,POL000172
POL_ADMIN,LOC000344,AST-POL000173-01,CLAIMS_MADE,"Jun 03, 2024",550000.00,COMBINED_SINGLE_LIMIT,825000.00,82500.00,550000.00,0.00,FLAT,0.0073,657652.00,SALES,4800.86,4599.22,4359.18,2397.55,FALSE,240.04,0.00,STATED_AMOUNT,FALSE,PRIMARY,100.00,FALSE,,"Jun 03, 2025","Generated from ISSUED policy status, Multi-Vehicle Liability Core Liability Coverage selected for sample policy coverage.",29,FALSE,"Jun 03, 2025","Jun 02, 2026",TRUE,COV089,ACTIVE,POL000173
POL_ADMIN,LOC000345,AST-POL000173-02,OCCURRENCE,,120000.00,PER_OCCURRENCE,240000.00,24000.00,120000.00,1000.00,FLAT,635.0000,8.00,VEHICLE,5080.00,4978.40,4724.40,2976.37,FALSE,254.00,0.00,ACTUAL_CASH_VALUE,FALSE,EXCESS,50.00,FALSE,,"Jun 03, 2025","Generated from ISSUED policy status, Multi-Vehicle Liability Vehicle Damage Coverage selected for sample policy coverage.",40,FALSE,"Jun 03, 2025","Jun 02, 2026",TRUE,COV090,ACTIVE,POL000173
POL_ADMIN,LOC000346,AST-POL000174-01,OCCURRENCE,,1200000.00,COMBINED_SINGLE_LIMIT,1800000.00,240000.00,1200000.00,0.00,FLAT,0.0080,731243.00,SALES,5849.94,5803.14,5510.65,826.60,FALSE,292.50,0.00,STATED_AMOUNT,FALSE,PRIMARY,100.00,FALSE,,"Jun 06, 2025","Generated from BOUND policy status, Multi-Vehicle Liability Core Liability Coverage selected for sample policy coverage.",46,FALSE,"Jun 06, 2025","Jun 05, 2026",TRUE,COV091,BOUND,POL000174
POL_ADMIN,LOC000347,AST-POL000174-02,OCCURRENCE,,325000.00,PER_OCCURRENCE,650000.00,32500.00,325000.00,500.00,FLAT,690.0000,11.00,VEHICLE,7590.00,7696.26,7316.76,1097.51,FALSE,379.50,0.00,ACTUAL_CASH_VALUE,FALSE,EXCESS,50.00,FALSE,,"Jun 06, 2025","Generated from BOUND policy status, Multi-Vehicle Liability Vehicle Damage Coverage selected for sample policy coverage.",57,FALSE,"Jun 06, 2025","Jun 05, 2026",TRUE,COV092,BOUND,POL000174
POL_ADMIN,LOC000348,AST-POL000174-03,OCCURRENCE,,450000.00,COMBINED_SINGLE_LIMIT,675000.00,67500.00,450000.00,0.00,FLAT,0.0045,781243.00,SALES,3515.59,3642.15,3466.38,519.96,FALSE,175.78,0.00,STATED_AMOUNT,FALSE,UMBRELLA,25.00,FALSE,,"Jun 06, 2025","Generated from BOUND policy status, Multi-Vehicle Package Coverage Core Liability Coverage selected for sample policy coverage.",68,FALSE,"Jun 06, 2025","Jun 05, 2026",TRUE,COV093,BOUND,POL000174
POL_ADMIN,LOC000349,AST-POL000175-01,OCCURRENCE,,650000.00,COMBINED_SINGLE_LIMIT,975000.00,65000.00,650000.00,0.00,FLAT,0.0087,804834.00,SALES,7002.06,7184.11,6834.01,4852.14,FALSE,350.10,0.00,STATED_AMOUNT,FALSE,PRIMARY,100.00,FALSE,,"Jun 09, 2025","Generated from REINSTATED policy status, Multi-Vehicle Package Coverage Core Liability Coverage selected for sample policy coverage.",63,FALSE,"Jun 09, 2025","Jun 08, 2026",TRUE,COV093,REINSTATED,POL000175
POL_ADMIN,LOC000350,AST-POL000176-01,OCCURRENCE,,900000.00,COMBINED_SINGLE_LIMIT,1350000.00,135000.00,900000.00,0.00,FLAT,0.0045,878425.00,SALES,3952.91,4190.09,4447.03,222.35,FALSE,59.29,316.23,STATED_AMOUNT,FALSE,PRIMARY,100.00,FALSE,,"Jun 12, 2025","Generated from APPLICATION policy status, Multi-Vehicle Package Coverage Core Liability Coverage selected for sample policy coverage.",80,TRUE,"Jun 12, 2025","Jun 11, 2026",TRUE,COV095,UW_REVIEW,POL000176
POL_ADMIN,LOC000351,AST-POL000176-02,OCCURRENCE,,250000.00,PER_OCCURRENCE,500000.00,50000.00,250000.00,500.00,FLAT,360.0000,17.00,VEHICLE,6120.00,6621.84,7019.64,0.00,FALSE,91.80,489.60,ACTUAL_CASH_VALUE,FALSE,EXCESS,50.00,TRUE,"Sep 21, 2025","Jun 12, 2025","Generated from APPLICATION policy status, Multi-Vehicle Package Coverage Vehicle Damage Coverage selected for sample policy coverage.",91,TRUE,"Jun 12, 2025","Jun 11, 2026",TRUE,COV096,REQUESTED,POL000176
POL_ADMIN,LOC000352,AST-POL000177-01,OCCURRENCE,,300000.00,PER_OCCURRENCE,600000.00,60000.00,150000.00,1000.00,FLAT,0.0036,300000.00,DWELLING_VALUE,1080.00,1181.52,1213.92,1213.92,TRUE,54.00,86.40,AGREED_VALUE,TRUE,PRIMARY,100.00,TRUE,"Sep 24, 2025","Jun 15, 2025","Generated from CANCELLED policy status, HO-3 Dwelling Coverage Residential Property Coverage selected for sample policy coverage.",97,TRUE,"Jun 15, 2025","Feb 07, 2026",FALSE,COV097,CANCELLED,POL000177
POL_ADMIN,LOC000353,AST-POL000177-02,OCCURRENCE,,330000.00,PER_OCCURRENCE,660000.00,33000.00,330000.00,0.00,FLAT,135.0000,1.00,HOUSEHOLD,135.00,130.95,124.20,124.20,TRUE,6.75,0.00,STATED_AMOUNT,FALSE,EXCESS,50.00,FALSE,,"Jun 15, 2025","Generated from CANCELLED policy status, HO-3 Dwelling Coverage Household Liability Coverage selected for sample policy coverage.",35,FALSE,"Jun 15, 2025","Feb 07, 2026",FALSE,COV098,CANCELLED,POL000177
POL_ADMIN,LOC000354,AST-POL000177-03,OCCURRENCE,,600000.00,PER_OCCURRENCE,1200000.00,90000.00,300000.00,500.00,FLAT,0.0044,600000.00,DWELLING_VALUE,2640.00,2618.88,2486.88,2486.88,TRUE,132.00,0.00,AGREED_VALUE,FALSE,UMBRELLA,25.00,FALSE,,"Jun 15, 2025","Generated from CANCELLED policy status, HO-3 Dwelling Coverage Residential Property Coverage selected for sample policy coverage.",46,FALSE,"Jun 15, 2025","Feb 07, 2026",FALSE,COV099,CANCELLED,POL000177
POL_ADMIN,LOC000355,AST-POL000178-01,OCCURRENCE,,550000.00,PER_OCCURRENCE,1100000.00,55000.00,275000.00,500.00,FLAT,0.0040,550000.00,DWELLING_VALUE,2200.00,2160.40,2127.40,2127.40,TRUE,33.00,0.00,REPLACEMENT_COST,TRUE,PRIMARY,100.00,FALSE,,"Jun 18, 2025","Generated from NON_RENEWED policy status, HO-3 Dwelling Coverage Residential Property Coverage selected for sample policy coverage.",41,FALSE,"Jun 18, 2025","Feb 11, 2026",FALSE,COV099,NON_RENEWED,POL000178
POL_ADMIN,LOC000356,AST-POL000179-01,OCCURRENCE,,360000.00,PER_OCCURRENCE,720000.00,54000.00,180000.00,1000.00,FLAT,0.0044,360000.00,DWELLING_VALUE,1584.00,1609.34,1530.14,1086.40,FALSE,79.20,0.00,REPLACEMENT_COST,TRUE,PRIMARY,100.00,FALSE,,"Jun 21, 2025","Generated from ACTIVE policy status, HO-3 Personal Liability Residential Property Coverage selected for sample policy coverage.",58,FALSE,"Jun 21, 2025","Jun 20, 2026",TRUE,COV101,ACTIVE,POL000179
POL_ADMIN,LOC000357,AST-POL000179-02,OCCURRENCE,,390000.00,PER_OCCURRENCE,780000.00,78000.00,390000.00,0.00,FLAT,175.0000,3.00,HOUSEHOLD,525.00,544.95,518.70,409.77,FALSE,26.25,0.00,STATED_AMOUNT,FALSE,EXCESS,50.00,TRUE,"Oct 03, 2025","Jun 21, 2025","Generated from ACTIVE policy status, HO-3 Personal Liability Household Liability Coverage selected for sample policy coverage.",69,FALSE,"Jun 21, 2025","Jun 20, 2026",TRUE,COV102,ENDORSED,POL000179
POL_ADMIN,LOC000358,AST-POL000180-01,OCCURRENCE,,650000.00,PER_OCCURRENCE,1300000.00,130000.00,325000.00,500.00,FLAT,0.0048,650000.00,DWELLING_VALUE,3120.00,3276.00,3478.80,2748.25,FALSE,46.80,249.60,REPLACEMENT_COST,TRUE,PRIMARY,100.00,TRUE,"Oct 06, 2025","Jun 24, 2025","Generated from ACTIVE policy status, HO-3 Personal Liability Residential Property Coverage selected for sample policy coverage.",75,TRUE,"Jun 24, 2025","Jun 23, 2026",TRUE,COV103,ENDORSED,POL000180
POL_ADMIN,LOC000359,AST-POL000180-02,OCCURRENCE,,450000.00,PER_OCCURRENCE,900000.00,45000.00,450000.00,0.00,FLAT,95.0000,1.00,HOUSEHOLD,95.00,101.84,108.02,59.41,FALSE,1.43,7.60,STATED_AMOUNT,FALSE,EXCESS,50.00,FALSE,,"Jun 24, 2025","Generated from ACTIVE policy status, HO-3 Personal Liability Household Liability Coverage selected for sample policy coverage.",86,TRUE,"Jun 24, 2025","Jun 23, 2026",TRUE,COV104,ACTIVE,POL000180
POL_ADMIN,LOC000360,AST-POL000180-03,OCCURRENCE,,300000.00,PER_OCCURRENCE,600000.00,45000.00,150000.00,2.00,PERCENTAGE,0.0032,300000.00,DWELLING_VALUE,960.00,1050.24,1112.64,700.96,FALSE,14.40,76.80,REPLACEMENT_COST,FALSE,UMBRELLA,25.00,TRUE,"Oct 08, 2025","Jun 24, 2025","Generated from ACTIVE policy status, HO-5 Comprehensive Dwelling Residential Property Coverage selected for sample policy coverage.",97,TRUE,"Jun 24, 2025","Jun 23, 2026",TRUE,COV105,ENDORSED,POL000180
POL_ADMIN,LOC000361,AST-POL000181-01,OCCURRENCE,,270000.00,PER_OCCURRENCE,540000.00,27000.00,135000.00,2.00,PERCENTAGE,0.0028,270000.00,DWELLING_VALUE,756.00,819.50,842.18,463.20,FALSE,37.80,60.48,AGREED_VALUE,TRUE,PRIMARY,100.00,FALSE,,"Jun 27, 2025","Generated from ISSUED policy status, HO-5 Comprehensive Dwelling Residential Property Coverage selected for sample policy coverage.",92,TRUE,"Jun 27, 2025","Jun 26, 2026",TRUE,COV105,ACTIVE,POL000181
POL_ADMIN,LOC000362,AST-POL000182-01,OCCURRENCE,,500000.00,PER_OCCURRENCE,1000000.00,75000.00,250000.00,1.00,PERCENTAGE,0.0032,500000.00,DWELLING_VALUE,1600.00,1555.20,1531.20,229.68,FALSE,24.00,0.00,REPLACEMENT_COST,TRUE,PRIMARY,100.00,FALSE,,"Jun 30, 2025","Generated from BOUND policy status, HO-5 Comprehensive Dwelling Residential Property Coverage selected for sample policy coverage.",36,FALSE,"Jun 30, 2025","Jun 29, 2026",TRUE,COV107,BOUND,POL000182
POL_ADMIN,LOC000363,AST-POL000182-02,OCCURRENCE,,550000.00,PER_OCCURRENCE,1100000.00,110000.00,550000.00,0.00,FLAT,135.0000,3.00,HOUSEHOLD,405.00,402.57,396.50,59.47,FALSE,6.08,0.00,STATED_AMOUNT,FALSE,EXCESS,50.00,FALSE,,"Jun 30, 2025","Generated from BOUND policy status, HO-5 Comprehensive Dwelling Household Liability Coverage selected for sample policy coverage.",47,FALSE,"Jun 30, 2025","Jun 29, 2026",TRUE,COV108,BOUND,POL000182
POL_ADMIN,LOC000364,AST-POL000183-01,OCCURRENCE,,330000.00,PER_OCCURRENCE,660000.00,66000.00,165000.00,2.00,PERCENTAGE,0.0036,330000.00,DWELLING_VALUE,1188.00,1195.13,1135.73,806.37,FALSE,59.40,0.00,REPLACEMENT_COST,TRUE,PRIMARY,100.00,FALSE,,"Jul 03, 2025","Generated from RENEWAL_PENDING policy status, HO-5 Personal Property Residential Property Coverage selected for sample policy coverage.",53,FALSE,"Jul 03, 2025","Jul 02, 2026",TRUE,COV109,ACTIVE,POL000183
POL_ADMIN,LOC000365,AST-POL000183-02,OCCURRENCE,,360000.00,PER_OCCURRENCE,720000.00,36000.00,360000.00,0.00,FLAT,155.0000,1.00,HOUSEHOLD,155.00,159.34,151.59,119.76,FALSE,7.75,0.00,STATED_AMOUNT,FALSE,EXCESS,50.00,TRUE,"Oct 19, 2025","Jul 03, 2025","Generated from RENEWAL_PENDING policy status, HO-5 Personal Property Household Liability Coverage selected for sample policy coverage.",64,FALSE,"Jul 03, 2025","Jul 02, 2026",TRUE,COV110,ENDORSED,POL000183
POL_ADMIN,LOC000366,AST-POL000183-03,OCCURRENCE,,650000.00,PER_OCCURRENCE,1300000.00,97500.00,325000.00,1.00,PERCENTAGE,0.0044,650000.00,DWELLING_VALUE,2860.00,3003.00,3088.80,1698.84,FALSE,143.00,228.80,REPLACEMENT_COST,FALSE,UMBRELLA,25.00,FALSE,,"Jul 03, 2025","Generated from RENEWAL_PENDING policy status, HO-5 Personal Property Residential Property Coverage selected for sample policy coverage.",75,TRUE,"Jul 03, 2025","Jul 02, 2026",TRUE,COV111,ACTIVE,POL000183
POL_ADMIN,LOC000367,AST-POL000184-01,OCCURRENCE,,600000.00,PER_OCCURRENCE,1200000.00,60000.00,300000.00,1.00,PERCENTAGE,0.0040,600000.00,DWELLING_VALUE,2400.00,2496.00,2460.00,123.00,FALSE,36.00,0.00,REPLACEMENT_COST,TRUE,PRIMARY,100.00,FALSE,,"Jul 06, 2025","Generated from APPLICATION policy status, HO-5 Personal Property Residential Property Coverage selected for sample policy coverage.",70,FALSE,"Jul 06, 2025","Jul 05, 2026",TRUE,COV111,UW_REVIEW,POL000184
POL_ADMIN,LOC000368,AST-POL000185-01,OCCURRENCE,,390000.00,PER_OCCURRENCE,780000.00,58500.00,195000.00,1000.00,FLAT,0.0044,390000.00,DWELLING_VALUE,1716.00,1842.98,1894.46,1041.96,FALSE,85.80,137.28,AGREED_VALUE,TRUE,PRIMARY,100.00,FALSE,,"Jul 09, 2025","Generated from SUSPENDED policy status, Condo Building Items Residential Property Coverage selected for sample policy coverage.",87,TRUE,"Jul 09, 2025","Nov 01, 2025",TRUE,COV113,SUSPENDED,POL000185
POL_ADMIN,LOC000369,AST-POL000185-02,OCCURRENCE,,270000.00,PER_OCCURRENCE,540000.00,54000.00,270000.00,0.00,FLAT,95.0000,3.00,HOUSEHOLD,285.00,270.75,256.50,161.59,FALSE,14.25,0.00,STATED_AMOUNT,FALSE,EXCESS,50.00,FALSE,,"Jul 09, 2025","Generated from SUSPENDED policy status, Condo Building Items Household Liability Coverage selected for sample policy coverage.",25,TRUE,"Jul 09, 2025","Nov 01, 2025",TRUE,COV114,SUSPENDED,POL000185
POL_ADMIN,LOC000370,AST-POL000186-01,OCCURRENCE,,450000.00,PER_OCCURRENCE,900000.00,90000.00,225000.00,500.00,FLAT,0.0048,450000.00,DWELLING_VALUE,2160.00,2077.92,2045.52,2045.52,TRUE,32.40,0.00,REPLACEMENT_COST,TRUE,PRIMARY,100.00,FALSE,,"Jul 12, 2025","Generated from LAPSED policy status, Condo Building Items Residential Property Coverage selected for sample policy coverage.",31,TRUE,"Jul 12, 2025","Mar 15, 2026",FALSE,COV115,LAPSED,POL000186
POL_ADMIN,LOC000371,AST-POL000186-02,OCCURRENCE,,500000.00,PER_OCCURRENCE,1000000.00,50000.00,500000.00,0.00,FLAT,115.0000,1.00,HOUSEHOLD,115.00,113.16,111.44,111.44,TRUE,1.72,0.00,STATED_AMOUNT,FALSE,EXCESS,50.00,FALSE,,"Jul 12, 2025","Generated from LAPSED policy status, Condo Building Items Household Liability Coverage selected for sample policy coverage.",42,TRUE,"Jul 12, 2025","Mar 15, 2026",FALSE,COV116,LAPSED,POL000186
POL_ADMIN,LOC000372,AST-POL000186-03,OCCURRENCE,,330000.00,PER_OCCURRENCE,660000.00,49500.00,165000.00,1000.00,FLAT,0.0032,330000.00,DWELLING_VALUE,1056.00,1062.34,1046.50,1046.50,TRUE,15.84,0.00,REPLACEMENT_COST,FALSE,UMBRELLA,25.00,TRUE,"Nov 01, 2025","Jul 12, 2025","Generated from LAPSED policy status, Condo Personal Liability Residential Property Coverage selected for sample policy coverage.",53,TRUE,"Jul 12, 2025","Mar 15, 2026",FALSE,COV117,LAPSED,POL000186
POL_ADMIN,LOC000373,AST-POL000187-01,OCCURRENCE,,300000.00,PER_OCCURRENCE,600000.00,30000.00,150000.00,1000.00,FLAT,0.0028,300000.00,DWELLING_VALUE,840.00,836.64,794.64,564.19,FALSE,42.00,0.00,REPLACEMENT_COST,TRUE,PRIMARY,100.00,FALSE,,"Jul 15, 2025","Generated from ACTIVE policy status, Condo Personal Liability Residential Property Coverage selected for sample policy coverage.",48,FALSE,"Jul 15, 2025","Jul 14, 2026",TRUE,COV117,ACTIVE,POL000187
POL_ADMIN,LOC000374,AST-POL000188-01,OCCURRENCE,,550000.00,PER_OCCURRENCE,1100000.00,82500.00,275000.00,500.00,FLAT,0.0032,550000.00,DWELLING_VALUE,1760.00,1812.80,1786.40,1411.26,FALSE,26.40,0.00,REPLACEMENT_COST,TRUE,PRIMARY,100.00,TRUE,"Nov 07, 2025","Jul 18, 2025","Generated from ACTIVE policy status, Condo Personal Liability Residential Property Coverage selected for sample policy coverage.",65,FALSE,"Jul 18, 2025","Jul 17, 2026",TRUE,COV119,ENDORSED,POL000188
POL_ADMIN,LOC000375,AST-POL000188-02,OCCURRENCE,,600000.00,PER_OCCURRENCE,1200000.00,120000.00,600000.00,0.00,FLAT,155.0000,3.00,HOUSEHOLD,465.00,489.18,519.40,285.67,FALSE,6.97,37.20,STATED_AMOUNT,FALSE,EXCESS,50.00,FALSE,,"Jul 18, 2025","Generated from ACTIVE policy status, Condo Personal Liability Household Liability Coverage selected for sample policy coverage.",76,TRUE,"Jul 18, 2025","Jul 17, 2026",TRUE,COV120,ACTIVE,POL000188
POL_ADMIN,LOC000376,AST-POL000189-01,OCCURRENCE,,360000.00,PER_OCCURRENCE,720000.00,72000.00,180000.00,1000.00,FLAT,0.0036,360000.00,DWELLING_VALUE,1296.00,1378.94,1417.82,779.80,FALSE,64.80,103.68,AGREED_VALUE,TRUE,PRIMARY,100.00,FALSE,,"Jul 21, 2025","Generated from ISSUED policy status, Renters Personal Property Residential Property Coverage selected for sample policy coverage.",82,TRUE,"Jul 21, 2025","Jul 20, 2026",TRUE,COV121,ACTIVE,POL000189
POL_ADMIN,LOC000377,AST-POL000189-02,OCCURRENCE,,390000.00,PER_OCCURRENCE,780000.00,39000.00,390000.00,0.00,FLAT,175.0000,1.00,HOUSEHOLD,175.00,190.05,195.30,123.04,FALSE,8.75,14.00,STATED_AMOUNT,FALSE,EXCESS,50.00,FALSE,,"Jul 21, 2025","Generated from ISSUED policy status, Renters Personal Property Household Liability Coverage selected for sample policy coverage.",93,TRUE,"Jul 21, 2025","Jul 20, 2026",TRUE,COV122,ACTIVE,POL000189
POL_ADMIN,LOC000378,AST-POL000189-03,OCCURRENCE,,450000.00,PER_OCCURRENCE,900000.00,67500.00,225000.00,500.00,FLAT,0.0044,450000.00,DWELLING_VALUE,1980.00,1904.76,1805.76,1282.09,FALSE,99.00,0.00,AGREED_VALUE,FALSE,UMBRELLA,25.00,FALSE,,"Jul 21, 2025","Generated from ISSUED policy status, Renters Personal Property Residential Property Coverage selected for sample policy coverage.",31,FALSE,"Jul 21, 2025","Jul 20, 2026",TRUE,COV123,ACTIVE,POL000189
POL_ADMIN,LOC000379,AST-POL000190-01,OCCURRENCE,,650000.00,PER_OCCURRENCE,1300000.00,65000.00,325000.00,500.00,FLAT,0.0040,650000.00,DWELLING_VALUE,2600.00,2475.20,2345.20,351.78,FALSE,130.00,0.00,REPLACEMENT_COST,TRUE,PRIMARY,100.00,FALSE,,"Jul 24, 2025","Generated from BOUND policy status, Renters Personal Property Residential Property Coverage selected for sample policy coverage.",26,FALSE,"Jul 24, 2025","Jul 23, 2026",TRUE,COV123,BOUND,POL000190
POL_ADMIN,LOC000380,AST-POL000191-01,OCCURRENCE,,270000.00,PER_OCCURRENCE,540000.00,40500.00,135000.00,1000.00,FLAT,0.0044,270000.00,DWELLING_VALUE,1188.00,1171.37,1111.97,789.50,FALSE,59.40,0.00,REPLACEMENT_COST,TRUE,PRIMARY,100.00,FALSE,,"Jul 27, 2025","Generated from RENEWAL_PENDING policy status, Renters Liability Residential Property Coverage selected for sample policy coverage.",43,FALSE,"Jul 27, 2025","Jul 26, 2026",TRUE,COV125,ACTIVE,POL000191
POL_ADMIN,LOC000381,AST-POL000191-02,OCCURRENCE,,300000.00,PER_OCCURRENCE,600000.00,60000.00,300000.00,0.00,FLAT,115.0000,3.00,HOUSEHOLD,345.00,347.76,330.51,261.10,FALSE,17.25,0.00,STATED_AMOUNT,FALSE,EXCESS,50.00,TRUE,"Nov 20, 2025","Jul 27, 2025","Generated from RENEWAL_PENDING policy status, Renters Liability Household Liability Coverage selected for sample policy coverage.",54,FALSE,"Jul 27, 2025","Jul 26, 2026",TRUE,COV126,ENDORSED,POL000191
POL_ADMIN,LOC000382,AST-POL000192-01,OCCURRENCE,,500000.00,PER_OCCURRENCE,1000000.00,100000.00,250000.00,500.00,FLAT,0.0048,500000.00,DWELLING_VALUE,2400.00,2448.00,2412.00,0.00,FALSE,36.00,0.00,REPLACEMENT_COST,TRUE,PRIMARY,100.00,FALSE,,"Jul 30, 2025","Generated from QUOTE policy status, Renters Liability Residential Property Coverage selected for sample policy coverage.",60,FALSE,"Jul 30, 2025","Jul 29, 2026",TRUE,COV127,REQUESTED,POL000192
POL_ADMIN,LOC000383,AST-POL000192-02,OCCURRENCE,,550000.00,PER_OCCURRENCE,1100000.00,55000.00,550000.00,0.00,FLAT,135.0000,1.00,HOUSEHOLD,135.00,140.67,138.65,0.00,FALSE,2.02,0.00,STATED_AMOUNT,FALSE,EXCESS,50.00,FALSE,,"Jul 30, 2025","Generated from QUOTE policy status, Renters Liability Household Liability Coverage selected for sample policy coverage.",71,FALSE,"Jul 30, 2025","Jul 29, 2026",TRUE,COV128,QUOTED,POL000192
POL_ADMIN,LOC000384,AST-POL000192-03,OCCURRENCE,,600000.00,COMBINED_SINGLE_LIMIT,900000.00,90000.00,600000.00,0.00,FLAT,0.0073,355881.00,SALES,2597.93,2764.20,2933.06,0.00,FALSE,38.97,207.83,STATED_AMOUNT,FALSE,UMBRELLA,25.00,FALSE,,"Jul 30, 2025","Generated from QUOTE policy status, Commercial Auto Liability Core Liability Coverage selected for sample policy coverage.",82,TRUE,"Jul 30, 2025","Jul 29, 2026",TRUE,COV001,REQUESTED,POL000192
POL_ADMIN,LOC000385,AST-POL000193-01,CLAIMS_MADE,"Aug 02, 2024",550000.00,COMBINED_SINGLE_LIMIT,825000.00,55000.00,550000.00,0.00,FLAT,0.0066,379472.00,SALES,2504.52,2639.76,2714.89,1493.19,FALSE,125.23,200.36,STATED_AMOUNT,FALSE,PRIMARY,100.00,FALSE,,"Aug 02, 2025","Generated from SUSPENDED policy status, Commercial Auto Liability Core Liability Coverage selected for sample policy coverage.",77,TRUE,"Aug 02, 2025","Dec 03, 2025",TRUE,COV001,SUSPENDED,POL000193
POL_ADMIN,LOC000386,AST-POL000194-01,OCCURRENCE,,1200000.00,COMBINED_SINGLE_LIMIT,1800000.00,180000.00,1200000.00,0.00,FLAT,0.0073,453063.00,SALES,3307.36,3598.41,3697.63,3697.63,TRUE,165.37,264.59,STATED_AMOUNT,FALSE,PRIMARY,100.00,FALSE,,"Aug 05, 2025","Generated from LAPSED policy status, Commercial Auto Liability Core Liability Coverage selected for sample policy coverage.",94,TRUE,"Aug 05, 2025","Apr 16, 2026",FALSE,COV003,LAPSED,POL000194
POL_ADMIN,LOC000387,AST-POL000194-02,OCCURRENCE,,325000.00,PER_OCCURRENCE,650000.00,65000.00,325000.00,500.00,FLAT,470.0000,11.00,VEHICLE,5170.00,4983.88,4725.38,4725.38,TRUE,258.50,0.00,ACTUAL_CASH_VALUE,FALSE,EXCESS,50.00,FALSE,,"Aug 05, 2025","Generated from LAPSED policy status, Commercial Auto Liability Vehicle Damage Coverage selected for sample policy coverage.",32,TRUE,"Aug 05, 2025","Apr 16, 2026",FALSE,COV004,LAPSED,POL000194
POL_ADMIN,LOC000388,AST-POL000195-01,OCCURRENCE,,650000.00,COMBINED_SINGLE_LIMIT,975000.00,130000.00,650000.00,0.00,FLAT,0.0080,526654.00,SALES,4213.23,4112.11,3901.45,2770.03,FALSE,210.66,0.00,STATED_AMOUNT,FALSE,PRIMARY,100.00,FALSE,,"Aug 08, 2025","Generated from ACTIVE policy status, Commercial Auto Physical Damage Core Liability Coverage selected for sample policy coverage.",38,FALSE,"Aug 08, 2025","Aug 07, 2026",TRUE,COV005,ACTIVE,POL000195
POL_ADMIN,LOC000389,AST-POL000195-02,OCCURRENCE,,90000.00,PER_OCCURRENCE,180000.00,9000.00,90000.00,1000.00,FLAT,525.0000,14.00,VEHICLE,7350.00,7335.30,6967.80,5504.56,FALSE,367.50,0.00,ACTUAL_CASH_VALUE,FALSE,EXCESS,50.00,TRUE,"Dec 06, 2025","Aug 08, 2025","Generated from ACTIVE policy status, Commercial Auto Physical Damage Vehicle Damage Coverage selected for sample policy coverage.",49,FALSE,"Aug 08, 2025","Aug 07, 2026",TRUE,COV006,ENDORSED,POL000195
POL_ADMIN,LOC000390,AST-POL000195-03,CLAIMS_MADE,"Aug 08, 2024",1000000.00,COMBINED_SINGLE_LIMIT,1500000.00,150000.00,1000000.00,0.00,FLAT,0.0045,576654.00,SALES,2594.94,2646.84,2517.09,1384.40,FALSE,129.75,0.00,STATED_AMOUNT,FALSE,UMBRELLA,25.00,FALSE,,"Aug 08, 2025","Generated from ACTIVE policy status, Commercial Auto Physical Damage Core Liability Coverage selected for sample policy coverage.",60,FALSE,"Aug 08, 2025","Aug 07, 2026",TRUE,COV007,ACTIVE,POL000195
POL_ADMIN,LOC000391,AST-POL000196-01,OCCURRENCE,,900000.00,COMBINED_SINGLE_LIMIT,1350000.00,90000.00,900000.00,0.00,FLAT,0.0087,600245.00,SALES,5222.13,5274.35,5196.02,4104.86,FALSE,78.33,0.00,STATED_AMOUNT,FALSE,PRIMARY,100.00,TRUE,"Dec 09, 2025","Aug 11, 2025","Generated from ACTIVE policy status, Commercial Auto Physical Damage Core Liability Coverage selected for sample policy coverage.",55,FALSE,"Aug 11, 2025","Aug 10, 2026",TRUE,COV007,ENDORSED,POL000196
POL_ADMIN,LOC000392,AST-POL000197-01,CLAIMS_MADE,"Aug 14, 2024",500000.00,COMBINED_SINGLE_LIMIT,750000.00,75000.00,500000.00,0.00,FLAT,0.0045,673836.00,SALES,3032.26,3165.68,3014.07,1657.74,FALSE,151.61,0.00,STATED_AMOUNT,FALSE,PRIMARY,100.00,FALSE,,"Aug 14, 2025","Generated from ISSUED policy status, Fleet Liability Core Liability Coverage selected for sample policy coverage.",72,TRUE,"Aug 14, 2025","Aug 13, 2026",TRUE,COV009,ACTIVE,POL000197
POL_ADMIN,LOC000393,AST-POL000197-02,OCCURRENCE,,110000.00,PER_OCCURRENCE,220000.00,22000.00,110000.00,1000.00,FLAT,635.0000,20.00,VEHICLE,12700.00,13538.20,13919.20,8769.10,FALSE,635.00,1016.00,ACTUAL_CASH_VALUE,FALSE,EXCESS,50.00,FALSE,,"Aug 14, 2025","Generated from ISSUED policy status, Fleet Liability Vehicle Damage Coverage selected for sample policy coverage.",83,TRUE,"Aug 14, 2025","Aug 13, 2026",TRUE,COV010,ACTIVE,POL000197
POL_ADMIN,LOC000394,AST-POL000198-01,OCCURRENCE,,1100000.00,COMBINED_SINGLE_LIMIT,1650000.00,220000.00,1100000.00,0.00,FLAT,0.0052,747427.00,SALES,3886.62,4189.78,4442.41,666.36,FALSE,58.30,310.93,STATED_AMOUNT,FALSE,PRIMARY,100.00,FALSE,,"Aug 17, 2025","Generated from BOUND policy status, Fleet Liability Core Liability Coverage selected for sample policy coverage.",89,TRUE,"Aug 17, 2025","Aug 16, 2026",TRUE,COV011,BOUND,POL000198
POL_ADMIN,LOC000395,AST-POL000198-02,OCCURRENCE,,300000.00,PER_OCCURRENCE,600000.00,30000.00,300000.00,500.00,FLAT,690.0000,23.00,VEHICLE,15870.00,15139.98,14901.93,2235.29,FALSE,238.05,0.00,ACTUAL_CASH_VALUE,FALSE,EXCESS,50.00,TRUE,"Dec 18, 2025","Aug 17, 2025","Generated from BOUND policy status, Fleet Liability Vehicle Damage Coverage selected for sample policy coverage.",27,FALSE,"Aug 17, 2025","Aug 16, 2026",TRUE,COV012,BOUND,POL000198
POL_ADMIN,LOC000396,AST-POL000198-03,OCCURRENCE,,650000.00,COMBINED_SINGLE_LIMIT,975000.00,97500.00,650000.00,0.00,FLAT,0.0066,797427.00,SALES,5263.02,5136.71,5057.76,758.66,FALSE,78.95,0.00,STATED_AMOUNT,FALSE,UMBRELLA,25.00,FALSE,,"Aug 17, 2025","Generated from BOUND policy status, Fleet Physical Damage Core Liability Coverage selected for sample policy coverage.",38,FALSE,"Aug 17, 2025","Aug 16, 2026",TRUE,COV013,BOUND,POL000198
POL_ADMIN,LOC000397,AST-POL000199-01,OCCURRENCE,,600000.00,COMBINED_SINGLE_LIMIT,900000.00,60000.00,600000.00,0.00,FLAT,0.0059,821018.00,SALES,4844.01,4679.31,4437.11,3150.35,FALSE,242.20,0.00,STATED_AMOUNT,FALSE,PRIMARY,100.00,TRUE,"Dec 21, 2025","Aug 20, 2025","Generated from RENEWAL_PENDING policy status, Fleet Physical Damage Core Liability Coverage selected for sample policy coverage.",33,FALSE,"Aug 20, 2025","Aug 19, 2026",TRUE,COV013,ACTIVE,POL000199
POL_ADMIN,LOC000398,AST-POL000200-01,OCCURRENCE,,1300000.00,COMBINED_SINGLE_LIMIT,1950000.00,195000.00,1300000.00,0.00,FLAT,0.0066,894609.00,SALES,5904.42,5904.42,5815.85,0.00,FALSE,88.57,0.00,STATED_AMOUNT,FALSE,PRIMARY,100.00,FALSE,,"Aug 23, 2025","Generated from QUOTE policy status, Fleet Physical Damage Core Liability Coverage selected for sample policy coverage.",50,FALSE,"Aug 23, 2025","Aug 22, 2026",TRUE,COV015,REQUESTED,POL000200
POL_ADMIN,LOC000399,AST-POL000200-02,OCCURRENCE,,225000.00,PER_OCCURRENCE,450000.00,45000.00,225000.00,500.00,FLAT,360.0000,29.00,VEHICLE,10440.00,10669.68,10513.08,0.00,FALSE,156.60,0.00,ACTUAL_CASH_VALUE,FALSE,EXCESS,50.00,FALSE,,"Aug 23, 2025","Generated from QUOTE policy status, Fleet Physical Damage Vehicle Damage Coverage selected for sample policy coverage.",61,FALSE,"Aug 23, 2025","Aug 22, 2026",TRUE,COV016,QUOTED,POL000200
POL_ADMIN,LOC000400,AST-POL000201-01,CLAIMS_MADE,"Aug 26, 2024",450000.00,COMBINED_SINGLE_LIMIT,675000.00,90000.00,450000.00,0.00,FLAT,0.0073,968200.00,SALES,7067.86,7308.17,6954.77,3825.13,FALSE,353.39,0.00,STATED_AMOUNT,FALSE,PRIMARY,100.00,FALSE,,"Aug 26, 2025","Generated from SUSPENDED policy status, Hired and Non-Owned Liability Core Liability Coverage selected for sample policy coverage.",67,TRUE,"Aug 26, 2025","Jan 04, 2026",TRUE,COV017,SUSPENDED,POL000201
POL_ADMIN,LOC000401,AST-POL000201-02,OCCURRENCE,,100000.00,PER_OCCURRENCE,200000.00,10000.00,100000.00,1000.00,FLAT,415.0000,2.00,VEHICLE,830.00,876.48,901.38,567.87,FALSE,41.50,66.40,ACTUAL_CASH_VALUE,FALSE,EXCESS,50.00,FALSE,,"Aug 26, 2025","Generated from SUSPENDED policy status, Hired and Non-Owned Liability Vehicle Damage Coverage selected for sample policy coverage.",78,TRUE,"Aug 26, 2025","Jan 04, 2026",TRUE,COV018,SUSPENDED,POL000201
POL_ADMIN,LOC000402,AST-POL000201-03,OCCURRENCE,,1100000.00,COMBINED_SINGLE_LIMIT,1650000.00,165000.00,1100000.00,0.00,FLAT,0.0087,1018200.00,SALES,8858.34,9549.29,9815.04,6968.68,FALSE,442.92,708.67,STATED_AMOUNT,FALSE,UMBRELLA,25.00,FALSE,,"Aug 26, 2025","Generated from SUSPENDED policy status, Hired and Non-Owned Liability Core Liability Coverage selected for sample policy coverage.",89,TRUE,"Aug 26, 2025","Jan 04, 2026",TRUE,COV019,SUSPENDED,POL000201
POL_ADMIN,LOC000403,AST-POL000202-01,OCCURRENCE,,1000000.00,COMBINED_SINGLE_LIMIT,1500000.00,100000.00,1000000.00,0.00,FLAT,0.0080,1041791.00,SALES,8334.33,8901.06,9442.79,9442.79,TRUE,125.01,666.75,STATED_AMOUNT,FALSE,PRIMARY,100.00,FALSE,,"Aug 29, 2025","Generated from LAPSED policy status, Hired and Non-Owned Liability Core Liability Coverage selected for sample policy coverage.",84,TRUE,"Aug 29, 2025","May 18, 2026",FALSE,COV019,LAPSED,POL000202
POL_ADMIN,LOC000404,AST-POL000203-01,OCCURRENCE,,550000.00,COMBINED_SINGLE_LIMIT,825000.00,82500.00,550000.00,0.00,FLAT,0.0087,1115382.00,SALES,9703.82,9276.86,8791.66,6242.08,FALSE,485.19,0.00,STATED_AMOUNT,FALSE,PRIMARY,100.00,FALSE,,"Sep 01, 2025","Generated from ACTIVE policy status, Hired and Non-Owned Excess Liability Core Liability Coverage selected for sample policy coverage.",28,FALSE,"Sep 01, 2025","Aug 31, 2026",TRUE,COV021,ACTIVE,POL000203
POL_ADMIN,LOC000405,AST-POL000203-02,OCCURRENCE,,120000.00,PER_OCCURRENCE,240000.00,24000.00,120000.00,1000.00,FLAT,525.0000,8.00,VEHICLE,4200.00,4107.60,3897.60,3079.10,FALSE,210.00,0.00,ACTUAL_CASH_VALUE,FALSE,EXCESS,50.00,TRUE,"Jan 07, 2026","Sep 01, 2025","Generated from ACTIVE policy status, Hired and Non-Owned Excess Liability Vehicle Damage Coverage selected for sample policy coverage.",39,FALSE,"Sep 01, 2025","Aug 31, 2026",TRUE,COV022,ENDORSED,POL000203
POL_ADMIN,LOC000406,AST-POL000204-01,OCCURRENCE,,1200000.00,COMBINED_SINGLE_LIMIT,1800000.00,240000.00,1200000.00,0.00,FLAT,0.0045,1188973.00,SALES,5350.38,5296.87,5216.62,4121.13,FALSE,80.26,0.00,STATED_AMOUNT,FALSE,PRIMARY,100.00,TRUE,"Jan 10, 2026","Sep 04, 2025","Generated from ACTIVE policy status, Hired and Non-Owned Excess Liability Core Liability Coverage selected for sample policy coverage.",45,FALSE,"Sep 04, 2025","Sep 03, 2026",TRUE,COV023,ENDORSED,POL000204
POL_ADMIN,LOC000407,AST-POL000204-02,OCCURRENCE,,325000.00,PER_OCCURRENCE,650000.00,32500.00,325000.00,500.00,FLAT,580.0000,11.00,VEHICLE,6380.00,6456.56,6360.86,3498.47,FALSE,95.70,0.00,ACTUAL_CASH_VALUE,FALSE,EXCESS,50.00,FALSE,,"Sep 04, 2025","Generated from ACTIVE policy status, Hired and Non-Owned Excess Liability Vehicle Damage Coverage selected for sample policy coverage.",56,FALSE,"Sep 04, 2025","Sep 03, 2026",TRUE,COV024,ACTIVE,POL000204
POL_ADMIN,LOC000408,AST-POL000204-03,OCCURRENCE,,450000.00,COMBINED_SINGLE_LIMIT,675000.00,67500.00,450000.00,0.00,FLAT,0.0059,1238973.00,SALES,7309.94,7558.48,7448.83,4692.76,FALSE,109.65,0.00,STATED_AMOUNT,FALSE,UMBRELLA,25.00,TRUE,"Jan 12, 2026","Sep 04, 2025","Generated from ACTIVE policy status, Trucking Liability Core Liability Coverage selected for sample policy coverage.",67,FALSE,"Sep 04, 2025","Sep 03, 2026",TRUE,COV025,ENDORSED,POL000204
POL_ADMIN,LOC000409,AST-POL000205-01,CLAIMS_MADE,"Sep 07, 2024",650000.00,COMBINED_SINGLE_LIMIT,975000.00,65000.00,650000.00,0.00,FLAT,0.0052,1262564.00,SALES,6565.33,6722.90,6394.63,3517.05,FALSE,328.27,0.00,STATED_AMOUNT,FALSE,PRIMARY,100.00,FALSE,,"Sep 07, 2025","Generated from ISSUED policy status, Trucking Liability Core Liability Coverage selected for sample policy coverage.",62,FALSE,"Sep 07, 2025","Sep 06, 2026",TRUE,COV025,ACTIVE,POL000205
POL_ADMIN,LOC000410,AST-POL000206-01,OCCURRENCE,,900000.00,COMBINED_SINGLE_LIMIT,1350000.00,135000.00,900000.00,0.00,FLAT,0.0059,1336155.00,SALES,7883.31,8340.55,8852.96,5577.37,FALSE,118.25,630.67,STATED_AMOUNT,FALSE,PRIMARY,100.00,FALSE,,"Sep 10, 2025","Generated from ISSUED policy status, Trucking Liability Core Liability Coverage selected for sample policy coverage.",79,TRUE,"Sep 10, 2025","Sep 09, 2026",TRUE,COV027,ACTIVE,POL000206
POL_ADMIN,LOC000411,AST-POL000206-02,OCCURRENCE,,250000.00,PER_OCCURRENCE,500000.00,50000.00,250000.00,500.00,FLAT,690.0000,17.00,VEHICLE,11730.00,12668.40,13430.85,9535.90,FALSE,175.95,938.40,ACTUAL_CASH_VALUE,FALSE,EXCESS,50.00,FALSE,,"Sep 10, 2025","Generated from ISSUED policy status, Trucking Liability Vehicle Damage Coverage selected for sample policy coverage.",90,TRUE,"Sep 10, 2025","Sep 09, 2026",TRUE,COV028,ACTIVE,POL000206
POL_ADMIN,LOC000412,AST-POL000207-01,OCCURRENCE,,500000.00,COMBINED_SINGLE_LIMIT,750000.00,100000.00,500000.00,0.00,FLAT,0.0066,1409746.00,SALES,9304.32,10160.32,10439.45,7412.01,FALSE,465.22,744.35,STATED_AMOUNT,FALSE,PRIMARY,100.00,FALSE,,"Sep 13, 2025","Generated from RENEWAL_PENDING policy status, Truckers Cargo Coverage Core Liability Coverage selected for sample policy coverage.",96,TRUE,"Sep 13, 2025","Sep 12, 2026",TRUE,COV029,ACTIVE,POL000207
POL_ADMIN,LOC000413,AST-POL000207-02,OCCURRENCE,,110000.00,PER_OCCURRENCE,220000.00,11000.00,110000.00,1000.00,FLAT,745.0000,20.00,VEHICLE,14900.00,14423.20,13678.20,10805.78,FALSE,745.00,0.00,ACTUAL_CASH_VALUE,FALSE,EXCESS,50.00,TRUE,"Jan 23, 2026","Sep 13, 2025","Generated from RENEWAL_PENDING policy status, Truckers Cargo Coverage Vehicle Damage Coverage selected for sample policy coverage.",34,FALSE,"Sep 13, 2025","Sep 12, 2026",TRUE,COV030,ENDORSED,POL000207
POL_ADMIN,LOC000414,AST-POL000207-03,CLAIMS_MADE,"Sep 13, 2024",1200000.00,COMBINED_SINGLE_LIMIT,1800000.00,180000.00,1200000.00,0.00,FLAT,0.0080,1459746.00,SALES,11677.97,11561.19,10977.29,6037.51,FALSE,583.90,0.00,STATED_AMOUNT,FALSE,UMBRELLA,25.00,FALSE,,"Sep 13, 2025","Generated from RENEWAL_PENDING policy status, Truckers Cargo Coverage Core Liability Coverage selected for sample policy coverage.",45,FALSE,"Sep 13, 2025","Sep 12, 2026",TRUE,COV031,ACTIVE,POL000207
POL_ADMIN,LOC000415,AST-POL000208-01,OCCURRENCE,,1100000.00,COMBINED_SINGLE_LIMIT,1650000.00,110000.00,1100000.00,0.00,FLAT,0.0073,1483337.00,SALES,10828.36,10611.79,10449.37,0.00,FALSE,162.43,0.00,STATED_AMOUNT,FALSE,PRIMARY,100.00,FALSE,,"Sep 16, 2025","Generated from QUOTE policy status, Truckers Cargo Coverage Core Liability Coverage selected for sample policy coverage.",40,FALSE,"Sep 16, 2025","Sep 15, 2026",TRUE,COV031,REQUESTED,POL000208
POL_ADMIN,LOC000416,AST-POL000209-01,OCCURRENCE,,600000.00,PER_OCCURRENCE,1200000.00,90000.00,300000.00,2500.00,FLAT,0.0056,600000.00,INSURED_VALUE,3360.00,3407.04,3239.04,161.95,FALSE,168.00,0.00,AGREED_VALUE,TRUE,PRIMARY,100.00,FALSE,,"Sep 19, 2025","Generated from UNDER_REVIEW policy status, Building Basic Perils Covered Property Coverage selected for sample policy coverage.",57,FALSE,"Sep 19, 2025","Sep 18, 2026",TRUE,COV033,UW_REVIEW,POL000209
POL_ADMIN,LOC000417,AST-POL000209-02,OCCURRENCE,,130000.00,AGGREGATE,130000.00,26000.00,130000.00,0.00,FRANCHISE,0.0045,274504.00,GROSS_EARNINGS,1235.27,1279.74,1217.97,60.90,FALSE,61.76,0.00,ACTUAL_CASH_VALUE,FALSE,EXCESS,50.00,TRUE,"Jan 31, 2026","Sep 19, 2025","Generated from UNDER_REVIEW policy status, Building Basic Perils Income Protection Coverage selected for sample policy coverage.",68,FALSE,"Sep 19, 2025","Sep 18, 2026",TRUE,COV034,APPROVED,POL000209
POL_ADMIN,LOC000418,AST-POL000210-01,OCCURRENCE,,1300000.00,PER_OCCURRENCE,2600000.00,260000.00,650000.00,1000.00,FLAT,0.0062,1300000.00,INSURED_VALUE,8060.00,8446.88,8325.98,8325.98,TRUE,120.90,0.00,REPLACEMENT_COST,TRUE,PRIMARY,100.00,TRUE,"Feb 03, 2026","Sep 22, 2025","Generated from EXPIRED policy status, Building Basic Perils Covered Property Coverage selected for sample policy coverage.",74,TRUE,"Sep 22, 2025","Sep 21, 2026",FALSE,COV035,EXPIRED,POL000210
POL_ADMIN,LOC000419,AST-POL000210-02,DISCOVERY,,225000.00,AGGREGATE,225000.00,22500.00,225000.00,0.00,FRANCHISE,0.0025,316617.00,GROSS_EARNINGS,791.54,846.95,898.40,898.40,TRUE,11.87,63.32,REPLACEMENT_COST,FALSE,EXCESS,50.00,FALSE,,"Sep 22, 2025","Generated from EXPIRED policy status, Building Basic Perils Income Protection Coverage selected for sample policy coverage.",85,TRUE,"Sep 22, 2025","Sep 21, 2026",FALSE,COV036,EXPIRED,POL000210
POL_ADMIN,LOC000420,AST-POL000210-03,OCCURRENCE,,500000.00,PER_OCCURRENCE,1000000.00,75000.00,250000.00,2500.00,FLAT,0.0038,500000.00,INSURED_VALUE,1900.00,2074.80,2198.30,2198.30,TRUE,28.50,152.00,REPLACEMENT_COST,FALSE,UMBRELLA,25.00,FALSE,,"Sep 22, 2025","Generated from EXPIRED policy status, Building Special Perils Covered Property Coverage selected for sample policy coverage.",96,TRUE,"Sep 22, 2025","Sep 21, 2026",FALSE,COV037,EXPIRED,POL000210
POL_ADMIN,LOC000421,AST-POL000211-01,OCCURRENCE,,450000.00,PER_OCCURRENCE,900000.00,45000.00,225000.00,2500.00,FLAT,0.0032,450000.00,INSURED_VALUE,1440.00,1558.08,1601.28,1136.91,FALSE,72.00,115.20,REPLACEMENT_COST,TRUE,PRIMARY,100.00,FALSE,,"Sep 25, 2025","Generated from ACTIVE policy status, Building Special Perils Covered Property Coverage selected for sample policy coverage.",91,TRUE,"Sep 25, 2025","Sep 24, 2026",TRUE,COV037,ACTIVE,POL000211
POL_ADMIN,LOC000422,AST-POL000212-01,OCCURRENCE,,1000000.00,PER_OCCURRENCE,2000000.00,150000.00,500000.00,1000.00,FLAT,0.0038,1000000.00,INSURED_VALUE,3800.00,3686.00,3629.00,2866.91,FALSE,57.00,0.00,REPLACEMENT_COST,TRUE,PRIMARY,100.00,TRUE,"Feb 11, 2026","Sep 28, 2025","Generated from ACTIVE policy status, Building Special Perils Covered Property Coverage selected for sample policy coverage.",35,FALSE,"Sep 28, 2025","Sep 27, 2026",TRUE,COV039,ENDORSED,POL000212
POL_ADMIN,LOC000423,AST-POL000212-02,OCCURRENCE,,275000.00,AGGREGATE,275000.00,55000.00,275000.00,0.00,FRANCHISE,0.0035,400843.00,GROSS_EARNINGS,1402.95,1391.73,1370.68,753.88,FALSE,21.04,0.00,STATED_AMOUNT,FALSE,EXCESS,50.00,FALSE,,"Sep 28, 2025","Generated from ACTIVE policy status, Building Special Perils Income Protection Coverage selected for sample policy coverage.",46,FALSE,"Sep 28, 2025","Sep 27, 2026",TRUE,COV040,ACTIVE,POL000212
POL_ADMIN,LOC000424,AST-POL000213-01,OCCURRENCE,,550000.00,PER_OCCURRENCE,1100000.00,110000.00,275000.00,2500.00,FLAT,0.0044,550000.00,INSURED_VALUE,2420.00,2429.68,2308.68,1269.77,FALSE,121.00,0.00,AGREED_VALUE,TRUE,PRIMARY,100.00,FALSE,,"Oct 01, 2025","Generated from ISSUED policy status, Business Contents Coverage Covered Property Coverage selected for sample policy coverage.",52,FALSE,"Oct 01, 2025","Sep 30, 2026",TRUE,COV041,ACTIVE,POL000213
POL_ADMIN,LOC000425,AST-POL000213-02,OCCURRENCE,,120000.00,AGGREGATE,120000.00,12000.00,120000.00,0.00,FRANCHISE,0.0040,442956.00,GROSS_EARNINGS,1771.82,1817.89,1729.30,1089.46,FALSE,88.59,0.00,ACTUAL_CASH_VALUE,FALSE,EXCESS,50.00,FALSE,,"Oct 01, 2025","Generated from ISSUED policy status, Business Contents Coverage Income Protection Coverage selected for sample policy coverage.",63,FALSE,"Oct 01, 2025","Sep 30, 2026",TRUE,COV042,ACTIVE,POL000213
POL_ADMIN,LOC000426,AST-POL000213-03,OCCURRENCE,,1300000.00,PER_OCCURRENCE,2600000.00,195000.00,650000.00,1000.00,FLAT,0.0056,1300000.00,INSURED_VALUE,7280.00,7629.44,7265.44,5158.46,FALSE,364.00,0.00,AGREED_VALUE,FALSE,UMBRELLA,25.00,FALSE,,"Oct 01, 2025","Generated from ISSUED policy status, Business Contents Coverage Covered Property Coverage selected for sample policy coverage.",74,TRUE,"Oct 01, 2025","Sep 30, 2026",TRUE,COV043,ACTIVE,POL000213
POL_ADMIN,LOC000427,AST-POL000214-01,OCCURRENCE,,1200000.00,PER_OCCURRENCE,2400000.00,120000.00,600000.00,1000.00,FLAT,0.0050,1200000.00,INSURED_VALUE,6000.00,6228.00,6138.00,3866.94,FALSE,90.00,0.00,REPLACEMENT_COST,TRUE,PRIMARY,100.00,FALSE,,"Oct 04, 2025","Generated from ISSUED policy status, Business Contents Coverage Covered Property Coverage selected for sample policy coverage.",69,FALSE,"Oct 04, 2025","Oct 03, 2026",TRUE,COV043,ACTIVE,POL000214
POL_ADMIN,LOC000428,AST-POL000215-01,OCCURRENCE,,650000.00,PER_OCCURRENCE,1300000.00,97500.00,325000.00,2500.00,FLAT,0.0056,650000.00,INSURED_VALUE,3640.00,3902.08,4011.28,2848.01,FALSE,182.00,291.20,REPLACEMENT_COST,TRUE,PRIMARY,100.00,FALSE,,"Oct 07, 2025","Generated from RENEWAL_PENDING policy status, Business Equipment Coverage Covered Property Coverage selected for sample policy coverage.",86,TRUE,"Oct 07, 2025","Oct 06, 2026",TRUE,COV045,ACTIVE,POL000215
POL_ADMIN,LOC000429,AST-POL000215-02,DISCOVERY,,90000.00,AGGREGATE,90000.00,18000.00,90000.00,0.00,FRANCHISE,0.0025,527182.00,GROSS_EARNINGS,1317.95,1441.84,1481.38,1170.29,FALSE,65.90,105.44,AGREED_VALUE,FALSE,EXCESS,50.00,TRUE,"Feb 24, 2026","Oct 07, 2025","Generated from RENEWAL_PENDING policy status, Business Equipment Coverage Income Protection Coverage selected for sample policy coverage.",97,TRUE,"Oct 07, 2025","Oct 06, 2026",TRUE,COV046,ENDORSED,POL000215
POL_ADMIN,LOC000430,AST-POL000216-01,OCCURRENCE,,900000.00,PER_OCCURRENCE,1800000.00,180000.00,450000.00,1000.00,FLAT,0.0062,900000.00,INSURED_VALUE,5580.00,5356.80,5273.10,0.00,FALSE,83.70,0.00,REPLACEMENT_COST,TRUE,PRIMARY,100.00,FALSE,,"Oct 10, 2025","Generated from QUOTE policy status, Business Equipment Coverage Covered Property Coverage selected for sample policy coverage.",30,FALSE,"Oct 10, 2025","Oct 09, 2026",TRUE,COV047,REQUESTED,POL000216
POL_ADMIN,LOC000431,AST-POL000216-02,OCCURRENCE,,250000.00,AGGREGATE,250000.00,25000.00,250000.00,0.00,FRANCHISE,0.0030,569295.00,GROSS_EARNINGS,1707.88,1677.14,1651.52,0.00,FALSE,25.62,0.00,STATED_AMOUNT,FALSE,EXCESS,50.00,FALSE,,"Oct 10, 2025","Generated from QUOTE policy status, Business Equipment Coverage Income Protection Coverage selected for sample policy coverage.",41,FALSE,"Oct 10, 2025","Oct 09, 2026",TRUE,COV048,QUOTED,POL000216
POL_ADMIN,LOC000432,AST-POL000216-03,OCCURRENCE,,550000.00,PER_OCCURRENCE,1100000.00,82500.00,275000.00,2500.00,FLAT,0.0038,550000.00,INSURED_VALUE,2090.00,2098.36,2067.01,0.00,FALSE,31.35,0.00,REPLACEMENT_COST,FALSE,UMBRELLA,25.00,FALSE,,"Oct 10, 2025","Generated from QUOTE policy status, Business Income Coverage Covered Property Coverage selected for sample policy coverage.",52,FALSE,"Oct 10, 2025","Oct 09, 2026",TRUE,COV049,REQUESTED,POL000216
POL_ADMIN,LOC000433,AST-POL000217-01,OCCURRENCE,,500000.00,PER_OCCURRENCE,1000000.00,50000.00,250000.00,2500.00,FLAT,0.0032,500000.00,INSURED_VALUE,1600.00,1590.40,1510.40,75.52,FALSE,80.00,0.00,AGREED_VALUE,TRUE,PRIMARY,100.00,FALSE,,"Oct 13, 2025","Generated from UNDER_REVIEW policy status, Business Income Coverage Covered Property Coverage selected for sample policy coverage.",47,FALSE,"Oct 13, 2025","Oct 12, 2026",TRUE,COV049,UW_REVIEW,POL000217
POL_ADMIN,LOC000434,AST-POL000218-01,OCCURRENCE,,1100000.00,PER_OCCURRENCE,2200000.00,165000.00,550000.00,1000.00,FLAT,0.0038,1100000.00,INSURED_VALUE,4180.00,4297.04,4234.34,4234.34,TRUE,62.70,0.00,REPLACEMENT_COST,TRUE,PRIMARY,100.00,FALSE,,"Oct 16, 2025","Generated from EXPIRED policy status, Business Income Coverage Covered Property Coverage selected for sample policy coverage.",64,FALSE,"Oct 16, 2025","Oct 15, 2026",FALSE,COV051,EXPIRED,POL000218
POL_ADMIN,LOC000435,AST-POL000218-02,OCCURRENCE,,300000.00,AGGREGATE,300000.00,60000.00,300000.00,0.00,FRANCHISE,0.0040,653521.00,GROSS_EARNINGS,2614.08,2744.79,2914.70,2914.70,TRUE,39.21,209.13,REPLACEMENT_COST,FALSE,EXCESS,50.00,FALSE,,"Oct 16, 2025","Generated from EXPIRED policy status, Business Income Coverage Income Protection Coverage selected for sample policy coverage.",75,TRUE,"Oct 16, 2025","Oct 15, 2026",FALSE,COV052,EXPIRED,POL000218
POL_ADMIN,LOC000436,AST-POL000219-01,OCCURRENCE,,600000.00,PER_OCCURRENCE,1200000.00,120000.00,300000.00,2500.00,FLAT,0.0044,600000.00,INSURED_VALUE,2640.00,2803.68,2882.88,2046.84,FALSE,132.00,211.20,REPLACEMENT_COST,TRUE,PRIMARY,100.00,FALSE,,"Oct 19, 2025","Generated from ACTIVE policy status, Extra Expense Coverage Covered Property Coverage selected for sample policy coverage.",81,TRUE,"Oct 19, 2025","Oct 18, 2026",TRUE,COV053,ACTIVE,POL000219
POL_ADMIN,LOC000437,AST-POL000219-02,OCCURRENCE,,130000.00,AGGREGATE,130000.00,13000.00,130000.00,0.00,FRANCHISE,0.0045,695634.00,GROSS_EARNINGS,3130.35,3393.30,3487.21,2754.90,FALSE,156.52,250.43,AGREED_VALUE,FALSE,EXCESS,50.00,TRUE,"Mar 12, 2026","Oct 19, 2025","Generated from ACTIVE policy status, Extra Expense Coverage Income Protection Coverage selected for sample policy coverage.",92,TRUE,"Oct 19, 2025","Oct 18, 2026",TRUE,COV054,ENDORSED,POL000219
POL_ADMIN,LOC000438,AST-POL000219-03,OCCURRENCE,,900000.00,PER_OCCURRENCE,1800000.00,135000.00,450000.00,1000.00,FLAT,0.0056,900000.00,INSURED_VALUE,5040.00,4838.40,4586.40,2522.52,FALSE,252.00,0.00,REPLACEMENT_COST,FALSE,UMBRELLA,25.00,TRUE,"Mar 13, 2026","Oct 19, 2025","Generated from ACTIVE policy status, Extra Expense Coverage Covered Property Coverage selected for sample policy coverage.",30,FALSE,"Oct 19, 2025","Oct 18, 2026",TRUE,COV055,ACTIVE,POL000219
POL_ADMIN,LOC000439,AST-POL000220-01,OCCURRENCE,,1300000.00,PER_OCCURRENCE,2600000.00,130000.00,650000.00,1000.00,FLAT,0.0050,1300000.00,INSURED_VALUE,6500.00,6175.00,6077.50,4801.23,FALSE,97.50,0.00,REPLACEMENT_COST,TRUE,PRIMARY,100.00,TRUE,"Mar 15, 2026","Oct 22, 2025","Generated from ACTIVE policy status, Extra Expense Coverage Covered Property Coverage selected for sample policy coverage.",25,FALSE,"Oct 22, 2025","Oct 21, 2026",TRUE,COV055,ENDORSED,POL000220
POL_ADMIN,LOC000440,AST-POL000221-01,OCCURRENCE,,450000.00,PER_OCCURRENCE,900000.00,67500.00,225000.00,2500.00,FLAT,0.0056,450000.00,INSURED_VALUE,2520.00,2479.68,2353.68,1294.52,FALSE,126.00,0.00,AGREED_VALUE,TRUE,PRIMARY,100.00,TRUE,"Mar 19, 2026","Oct 25, 2025","Generated from ACTIVE policy status, Special Form All Risk Property Covered Property Coverage selected for sample policy coverage.",42,FALSE,"Oct 25, 2025","Oct 24, 2026",TRUE,COV057,ACTIVE,POL000221
POL_ADMIN,LOC000441,AST-POL000221-02,OCCURRENCE,,100000.00,AGGREGATE,100000.00,20000.00,100000.00,0.00,FRANCHISE,0.0030,779860.00,GROSS_EARNINGS,2339.58,2353.62,2236.64,1409.08,FALSE,116.98,0.00,ACTUAL_CASH_VALUE,FALSE,EXCESS,50.00,TRUE,"Mar 20, 2026","Oct 25, 2025","Generated from ACTIVE policy status, Special Form All Risk Property Income Protection Coverage selected for sample policy coverage.",53,FALSE,"Oct 25, 2025","Oct 24, 2026",TRUE,COV058,ENDORSED,POL000221
POL_ADMIN,LOC000442,AST-POL000222-01,OCCURRENCE,,1000000.00,PER_OCCURRENCE,2000000.00,200000.00,500000.00,1000.00,FLAT,0.0062,1000000.00,INSURED_VALUE,6200.00,6311.60,6001.60,3781.01,FALSE,310.00,0.00,REPLACEMENT_COST,TRUE,PRIMARY,100.00,FALSE,,"Oct 28, 2025","Generated from ISSUED policy status, Special Form All Risk Property Covered Property Coverage selected for sample policy coverage.",59,FALSE,"Oct 28, 2025","Oct 27, 2026",TRUE,COV059,ACTIVE,POL000222
POL_ADMIN,LOC000443,AST-POL000222-02,OCCURRENCE,,275000.00,AGGREGATE,275000.00,27500.00,275000.00,0.00,FRANCHISE,0.0035,821973.00,GROSS_EARNINGS,2876.91,2991.98,2848.14,2022.18,FALSE,143.85,0.00,REPLACEMENT_COST,FALSE,EXCESS,50.00,FALSE,,"Oct 28, 2025","Generated from ISSUED policy status, Special Form All Risk Property Income Protection Coverage selected for sample policy coverage.",70,FALSE,"Oct 28, 2025","Oct 27, 2026",TRUE,COV060,ACTIVE,POL000222
POL_ADMIN,LOC000444,AST-POL000222-03,OCCURRENCE,,600000.00,AGGREGATE,600000.00,90000.00,300000.00,2.00,PERCENTAGE,0.0038,600000.00,INSURED_VALUE,2280.00,2421.36,2489.76,1966.91,FALSE,114.00,182.40,REPLACEMENT_COST,FALSE,UMBRELLA,25.00,FALSE,,"Oct 28, 2025","Generated from ISSUED policy status, Special Form Catastrophe Extension Covered Property Coverage selected for sample policy coverage.",81,TRUE,"Oct 28, 2025","Oct 27, 2026",TRUE,COV061,ACTIVE,POL000222
POL_ADMIN,LOC000445,AST-POL000223-01,OCCURRENCE,,550000.00,AGGREGATE,550000.00,55000.00,275000.00,2.00,PERCENTAGE,0.0032,550000.00,INSURED_VALUE,1760.00,1851.52,1904.32,1352.07,FALSE,88.00,140.80,REPLACEMENT_COST,TRUE,PRIMARY,100.00,FALSE,,"Oct 31, 2025","Generated from RENEWAL_PENDING policy status, Special Form Catastrophe Extension Covered Property Coverage selected for sample policy coverage.",76,TRUE,"Oct 31, 2025","Oct 30, 2026",TRUE,COV061,ACTIVE,POL000223
POL_ADMIN,LOC000446,AST-POL000224-01,OCCURRENCE,,1200000.00,AGGREGATE,1200000.00,180000.00,600000.00,1.00,PERCENTAGE,0.0038,1200000.00,INSURED_VALUE,4560.00,4952.16,5248.56,4146.36,FALSE,68.40,364.80,REPLACEMENT_COST,TRUE,PRIMARY,100.00,FALSE,,"Nov 03, 2025","Generated from REINSTATED policy status, Special Form Catastrophe Extension Covered Property Coverage selected for sample policy coverage.",93,TRUE,"Nov 03, 2025","Nov 02, 2026",TRUE,COV063,ACTIVE,POL000224
POL_ADMIN,LOC000447,AST-POL000224-02,OCCURRENCE,,325000.00,AGGREGATE,325000.00,65000.00,325000.00,0.00,FRANCHISE,0.0045,906199.00,GROSS_EARNINGS,4077.90,3922.94,3861.77,2123.97,FALSE,61.17,0.00,STATED_AMOUNT,FALSE,EXCESS,50.00,FALSE,,"Nov 03, 2025","Generated from REINSTATED policy status, Special Form Catastrophe Extension Income Protection Coverage selected for sample policy coverage.",31,FALSE,"Nov 03, 2025","Nov 02, 2026",TRUE,COV064,REINSTATED,POL000224
POL_ADMIN,LOC000448,AST-POL000225-01,CLAIMS_MADE,"Nov 06, 2024",650000.00,COMBINED_SINGLE_LIMIT,975000.00,130000.00,650000.00,0.00,FLAT,0.0045,984384.00,SALES,4429.73,4314.56,4093.07,204.65,FALSE,221.49,0.00,STATED_AMOUNT,FALSE,PRIMARY,100.00,FALSE,,"Nov 06, 2025","Generated from UNDER_REVIEW policy status, Personal Auto Liability Core Liability Coverage selected for sample policy coverage.",37,FALSE,"Nov 06, 2025","Nov 05, 2026",TRUE,COV065,UW_REVIEW,POL000225
POL_ADMIN,LOC000449,AST-POL000225-02,OCCURRENCE,,90000.00,PER_OCCURRENCE,180000.00,9000.00,90000.00,1000.00,FLAT,415.0000,14.00,VEHICLE,5810.00,5786.76,5496.26,274.81,FALSE,290.50,0.00,ACTUAL_CASH_VALUE,FALSE,EXCESS,50.00,FALSE,,"Nov 06, 2025","Generated from UNDER_REVIEW policy status, Personal Auto Liability Vehicle Damage Coverage selected for sample policy coverage.",48,FALSE,"Nov 06, 2025","Nov 05, 2026",TRUE,COV066,APPROVED,POL000225
POL_ADMIN,LOC000450,AST-POL000225-03,OCCURRENCE,,1000000.00,COMBINED_SINGLE_LIMIT,1500000.00,150000.00,1000000.00,0.00,FLAT,0.0059,1034384.00,SALES,6102.87,6212.72,5907.57,295.38,FALSE,305.14,0.00,STATED_AMOUNT,FALSE,UMBRELLA,25.00,FALSE,,"Nov 06, 2025","Generated from UNDER_REVIEW policy status, Personal Auto Liability Core Liability Coverage selected for sample policy coverage.",59,FALSE,"Nov 06, 2025","Nov 05, 2026",TRUE,COV067,UW_REVIEW,POL000225
POL_ADMIN,LOC000451,AST-POL000226-01,OCCURRENCE,,900000.00,COMBINED_SINGLE_LIMIT,1350000.00,90000.00,900000.00,0.00,FLAT,0.0052,1057975.00,SALES,5501.47,5545.48,5270.41,5270.41,TRUE,275.07,0.00,STATED_AMOUNT,FALSE,PRIMARY,100.00,FALSE,,"Nov 09, 2025","Generated from EXPIRED policy status, Personal Auto Liability Core Liability Coverage selected for sample policy coverage.",54,FALSE,"Nov 09, 2025","Nov 08, 2026",FALSE,COV067,EXPIRED,POL000226
POL_ADMIN,LOC000452,AST-POL000227-01,OCCURRENCE,,500000.00,COMBINED_SINGLE_LIMIT,750000.00,75000.00,500000.00,0.00,FLAT,0.0059,1131566.00,SALES,6676.24,6956.64,6622.83,4702.21,FALSE,333.81,0.00,STATED_AMOUNT,FALSE,PRIMARY,100.00,FALSE,,"Nov 12, 2025","Generated from ACTIVE policy status, Personal Auto Physical Damage Core Liability Coverage selected for sample policy coverage.",71,FALSE,"Nov 12, 2025","Nov 11, 2026",TRUE,COV069,ACTIVE,POL000227
POL_ADMIN,LOC000453,AST-POL000227-02,OCCURRENCE,,110000.00,PER_OCCURRENCE,220000.00,22000.00,110000.00,1000.00,FLAT,525.0000,20.00,VEHICLE,10500.00,11172.00,11487.00,9074.73,FALSE,525.00,840.00,ACTUAL_CASH_VALUE,FALSE,EXCESS,50.00,TRUE,"Apr 13, 2026","Nov 12, 2025","Generated from ACTIVE policy status, Personal Auto Physical Damage Vehicle Damage Coverage selected for sample policy coverage.",82,TRUE,"Nov 12, 2025","Nov 11, 2026",TRUE,COV070,ENDORSED,POL000227
POL_ADMIN,LOC000454,AST-POL000228-01,OCCURRENCE,,1100000.00,COMBINED_SINGLE_LIMIT,1650000.00,220000.00,1100000.00,0.00,FLAT,0.0066,1205157.00,SALES,7954.04,8558.54,9075.56,7169.69,FALSE,119.31,636.32,STATED_AMOUNT,FALSE,PRIMARY,100.00,TRUE,"Apr 16, 2026","Nov 15, 2025","Generated from ACTIVE policy status, Personal Auto Physical Damage Core Liability Coverage selected for sample policy coverage.",88,TRUE,"Nov 15, 2025","Nov 14, 2026",TRUE,COV071,ENDORSED,POL000228
POL_ADMIN,LOC000455,AST-POL000228-02,OCCURRENCE,,300000.00,PER_OCCURRENCE,600000.00,30000.00,300000.00,500.00,FLAT,580.0000,23.00,VEHICLE,13340.00,12699.68,12499.58,6874.77,FALSE,200.10,0.00,ACTUAL_CASH_VALUE,FALSE,EXCESS,50.00,FALSE,,"Nov 15, 2025","Generated from ACTIVE policy status, Personal Auto Physical Damage Vehicle Damage Coverage selected for sample policy coverage.",26,FALSE,"Nov 15, 2025","Nov 14, 2026",TRUE,COV072,ACTIVE,POL000228
POL_ADMIN,LOC000456,AST-POL000228-03,OCCURRENCE,,650000.00,COMBINED_SINGLE_LIMIT,975000.00,97500.00,650000.00,0.00,FLAT,0.0080,1255157.00,SALES,10041.26,9780.18,9629.56,6066.63,FALSE,150.62,0.00,STATED_AMOUNT,FALSE,UMBRELLA,25.00,TRUE,"Apr 18, 2026","Nov 15, 2025","Generated from ACTIVE policy status, Preferred Auto Liability Core Liability Coverage selected for sample policy coverage.",37,FALSE,"Nov 15, 2025","Nov 14, 2026",TRUE,COV073,ENDORSED,POL000228
POL_ADMIN,LOC000457,AST-POL000229-01,CLAIMS_MADE,"Nov 18, 2024",600000.00,COMBINED_SINGLE_LIMIT,900000.00,60000.00,600000.00,0.00,FLAT,0.0073,1278748.00,SALES,9334.86,8998.81,8532.06,4692.63,FALSE,466.74,0.00,STATED_AMOUNT,FALSE,PRIMARY,100.00,FALSE,,"Nov 18, 2025","Generated from ACTIVE policy status, Preferred Auto Liability Core Liability Coverage selected for sample policy coverage.",32,FALSE,"Nov 18, 2025","Nov 17, 2026",TRUE,COV073,ACTIVE,POL000229
POL_ADMIN,LOC000458,AST-POL000230-01,OCCURRENCE,,1300000.00,COMBINED_SINGLE_LIMIT,1950000.00,195000.00,1300000.00,0.00,FLAT,0.0080,1352339.00,SALES,10818.71,10797.07,10256.14,6461.37,FALSE,540.94,0.00,STATED_AMOUNT,FALSE,PRIMARY,100.00,FALSE,,"Nov 21, 2025","Generated from ISSUED policy status, Preferred Auto Liability Core Liability Coverage selected for sample policy coverage.",49,FALSE,"Nov 21, 2025","Nov 20, 2026",TRUE,COV075,ACTIVE,POL000230
POL_ADMIN,LOC000459,AST-POL000230-02,OCCURRENCE,,225000.00,PER_OCCURRENCE,450000.00,45000.00,225000.00,500.00,FLAT,690.0000,29.00,VEHICLE,20010.00,20410.20,19409.70,13780.89,FALSE,1000.50,0.00,ACTUAL_CASH_VALUE,FALSE,EXCESS,50.00,FALSE,,"Nov 21, 2025","Generated from ISSUED policy status, Preferred Auto Liability Vehicle Damage Coverage selected for sample policy coverage.",60,FALSE,"Nov 21, 2025","Nov 20, 2026",TRUE,COV076,ACTIVE,POL000230
POL_ADMIN,LOC000460,AST-POL000231-01,OCCURRENCE,,450000.00,COMBINED_SINGLE_LIMIT,675000.00,90000.00,450000.00,0.00,FLAT,0.0087,1425930.00,SALES,12405.59,12802.57,12616.49,1892.47,FALSE,186.08,0.00,STATED_AMOUNT,FALSE,PRIMARY,100.00,FALSE,,"Nov 24, 2025","Generated from BOUND policy status, Preferred Auto Comprehensive Core Liability Coverage selected for sample policy coverage.",66,FALSE,"Nov 24, 2025","Nov 23, 2026",TRUE,COV077,BOUND,POL000231
POL_ADMIN,LOC000461,AST-POL000231-02,OCCURRENCE,,100000.00,PER_OCCURRENCE,200000.00,10000.00,100000.00,1000.00,FLAT,745.0000,2.00,VEHICLE,1490.00,1570.46,1667.31,250.10,FALSE,22.35,119.20,ACTUAL_CASH_VALUE,FALSE,EXCESS,50.00,TRUE,"Apr 29, 2026","Nov 24, 2025","Generated from BOUND policy status, Preferred Auto Comprehensive Vehicle Damage Coverage selected for sample policy coverage.",77,TRUE,"Nov 24, 2025","Nov 23, 2026",TRUE,COV078,BOUND,POL000231
POL_ADMIN,LOC000462,AST-POL000231-03,CLAIMS_MADE,"Nov 24, 2024",1100000.00,COMBINED_SINGLE_LIMIT,1650000.00,165000.00,1100000.00,0.00,FLAT,0.0052,1475930.00,SALES,7674.84,8258.12,8756.99,1313.55,FALSE,115.12,613.99,STATED_AMOUNT,FALSE,UMBRELLA,25.00,FALSE,,"Nov 24, 2025","Generated from BOUND policy status, Preferred Auto Comprehensive Core Liability Coverage selected for sample policy coverage.",88,TRUE,"Nov 24, 2025","Nov 23, 2026",TRUE,COV079,BOUND,POL000231
POL_ADMIN,LOC000463,AST-POL000232-01,OCCURRENCE,,1000000.00,COMBINED_SINGLE_LIMIT,1500000.00,100000.00,1000000.00,0.00,FLAT,0.0045,1499521.00,SALES,6747.84,7193.20,7631.81,6029.13,FALSE,101.22,539.83,STATED_AMOUNT,FALSE,PRIMARY,100.00,TRUE,"May 02, 2026","Nov 27, 2025","Generated from REINSTATED policy status, Preferred Auto Comprehensive Core Liability Coverage selected for sample policy coverage.",83,TRUE,"Nov 27, 2025","Nov 26, 2026",TRUE,COV079,ACTIVE,POL000232
POL_ADMIN,LOC000464,AST-POL000233-01,CLAIMS_MADE,"Nov 30, 2024",550000.00,COMBINED_SINGLE_LIMIT,825000.00,82500.00,550000.00,0.00,FLAT,0.0052,1573112.00,SALES,8180.18,7803.89,7681.19,0.00,FALSE,122.70,0.00,STATED_AMOUNT,FALSE,PRIMARY,100.00,FALSE,,"Nov 30, 2025","Generated from APPLICATION policy status, Non-Standard Auto Liability Core Liability Coverage selected for sample policy coverage.",27,FALSE,"Nov 30, 2025","Nov 29, 2026",TRUE,COV081,REQUESTED,POL000233
POL_ADMIN,LOC000465,AST-POL000233-02,OCCURRENCE,,120000.00,PER_OCCURRENCE,240000.00,24000.00,120000.00,1000.00,FLAT,415.0000,8.00,VEHICLE,3320.00,3240.32,3190.52,159.53,FALSE,49.80,0.00,ACTUAL_CASH_VALUE,FALSE,EXCESS,50.00,FALSE,,"Nov 30, 2025","Generated from APPLICATION policy status, Non-Standard Auto Liability Vehicle Damage Coverage selected for sample policy coverage.",38,FALSE,"Nov 30, 2025","Nov 29, 2026",TRUE,COV082,UW_REVIEW,POL000233
POL_ADMIN,LOC000466,AST-POL000234-01,OCCURRENCE,,1200000.00,COMBINED_SINGLE_LIMIT,1800000.00,240000.00,1200000.00,0.00,FLAT,0.0059,1646703.00,SALES,9715.55,9598.96,9113.18,9113.18,TRUE,485.78,0.00,STATED_AMOUNT,FALSE,PRIMARY,100.00,FALSE,,"Dec 03, 2025","Generated from CANCELLED policy status, Non-Standard Auto Liability Core Liability Coverage selected for sample policy coverage.",44,FALSE,"Dec 03, 2025","Feb 25, 2026",FALSE,COV083,CANCELLED,POL000234
POL_ADMIN,LOC000467,AST-POL000234-02,OCCURRENCE,,325000.00,PER_OCCURRENCE,650000.00,32500.00,325000.00,500.00,FLAT,470.0000,11.00,VEHICLE,5170.00,5221.70,4963.20,4963.20,TRUE,258.50,0.00,ACTUAL_CASH_VALUE,FALSE,EXCESS,50.00,FALSE,,"Dec 03, 2025","Generated from CANCELLED policy status, Non-Standard Auto Liability Vehicle Damage Coverage selected for sample policy coverage.",55,FALSE,"Dec 03, 2025","Feb 25, 2026",FALSE,COV084,CANCELLED,POL000234
POL_ADMIN,LOC000468,AST-POL000234-03,OCCURRENCE,,450000.00,COMBINED_SINGLE_LIMIT,675000.00,67500.00,450000.00,0.00,FLAT,0.0073,1696703.00,SALES,12385.93,12782.28,12162.99,12162.99,TRUE,619.30,0.00,STATED_AMOUNT,FALSE,UMBRELLA,25.00,FALSE,,"Dec 03, 2025","Generated from CANCELLED policy status, Non-Standard Financial Responsibility Filing Core Liability Coverage selected for sample policy coverage.",66,FALSE,"Dec 03, 2025","Feb 25, 2026",FALSE,COV085,CANCELLED,POL000234
POL_ADMIN,LOC000469,AST-POL000235-01,OCCURRENCE,,650000.00,COMBINED_SINGLE_LIMIT,975000.00,65000.00,650000.00,0.00,FLAT,0.0066,1720294.00,SALES,11353.94,11603.73,11433.42,8117.73,FALSE,170.31,0.00,STATED_AMOUNT,FALSE,PRIMARY,100.00,FALSE,,"Dec 06, 2025","Generated from ACTIVE policy status, Non-Standard Financial Responsibility Filing Core Liability Coverage selected for sample policy coverage.",61,FALSE,"Dec 06, 2025","Dec 05, 2026",TRUE,COV085,ACTIVE,POL000235
POL_ADMIN,LOC000470,AST-POL000236-01,OCCURRENCE,,900000.00,COMBINED_SINGLE_LIMIT,1350000.00,135000.00,900000.00,0.00,FLAT,0.0073,1793885.00,SALES,13095.36,13828.70,14679.90,11597.12,FALSE,196.43,1047.63,STATED_AMOUNT,FALSE,PRIMARY,100.00,TRUE,"May 18, 2026","Dec 09, 2025","Generated from ACTIVE policy status, Non-Standard Financial Responsibility Filing Core Liability Coverage selected for sample policy coverage.",78,TRUE,"Dec 09, 2025","Dec 08, 2026",TRUE,COV087,ENDORSED,POL000236
POL_ADMIN,LOC000471,AST-POL000236-02,OCCURRENCE,,250000.00,PER_OCCURRENCE,500000.00,50000.00,250000.00,500.00,FLAT,580.0000,17.00,VEHICLE,9860.00,10629.08,11269.98,6198.49,FALSE,147.90,788.80,ACTUAL_CASH_VALUE,FALSE,EXCESS,50.00,FALSE,,"Dec 09, 2025","Generated from ACTIVE policy status, Non-Standard Financial Responsibility Filing Vehicle Damage Coverage selected for sample policy coverage.",89,TRUE,"Dec 09, 2025","Dec 08, 2026",TRUE,COV088,ACTIVE,POL000236
POL_ADMIN,LOC000472,AST-POL000237-01,CLAIMS_MADE,"Dec 12, 2024",500000.00,COMBINED_SINGLE_LIMIT,750000.00,100000.00,500000.00,0.00,FLAT,0.0080,1867476.00,SALES,14939.81,16284.39,17255.48,9490.51,FALSE,224.10,1195.18,STATED_AMOUNT,FALSE,PRIMARY,100.00,FALSE,,"Dec 12, 2025","Generated from ACTIVE policy status, Multi-Vehicle Liability Core Liability Coverage selected for sample policy coverage.",95,TRUE,"Dec 12, 2025","Dec 11, 2026",TRUE,COV089,ACTIVE,POL000237
POL_ADMIN,LOC000473,AST-POL000237-02,OCCURRENCE,,110000.00,PER_OCCURRENCE,220000.00,11000.00,110000.00,1000.00,FLAT,635.0000,20.00,VEHICLE,12700.00,12268.20,12077.70,7608.95,FALSE,190.50,0.00,ACTUAL_CASH_VALUE,FALSE,EXCESS,50.00,TRUE,"May 23, 2026","Dec 12, 2025","Generated from ACTIVE policy status, Multi-Vehicle Liability Vehicle Damage Coverage selected for sample policy coverage.",33,FALSE,"Dec 12, 2025","Dec 11, 2026",TRUE,COV090,ENDORSED,POL000237
POL_ADMIN,LOC000474,AST-POL000237-03,OCCURRENCE,,1200000.00,COMBINED_SINGLE_LIMIT,1800000.00,180000.00,1200000.00,0.00,FLAT,0.0045,1917476.00,SALES,8628.64,8525.10,8395.67,5960.92,FALSE,129.43,0.00,STATED_AMOUNT,FALSE,UMBRELLA,25.00,FALSE,,"Dec 12, 2025","Generated from ACTIVE policy status, Multi-Vehicle Liability Core Liability Coverage selected for sample policy coverage.",44,FALSE,"Dec 12, 2025","Dec 11, 2026",TRUE,COV091,ACTIVE,POL000237
POL_ADMIN,LOC000475,AST-POL000238-01,OCCURRENCE,,1100000.00,COMBINED_SINGLE_LIMIT,1650000.00,110000.00,1100000.00,0.00,FLAT,0.0087,1941067.00,SALES,16887.28,16515.76,15671.40,9872.98,FALSE,844.36,0.00,STATED_AMOUNT,FALSE,PRIMARY,100.00,FALSE,,"Dec 15, 2025","Generated from ISSUED policy status, Multi-Vehicle Liability Core Liability Coverage selected for sample policy coverage.",39,FALSE,"Dec 15, 2025","Dec 14, 2026",TRUE,COV091,ACTIVE,POL000238
POL_ADMIN,LOC000476,AST-POL000239-01,OCCURRENCE,,600000.00,COMBINED_SINGLE_LIMIT,900000.00,90000.00,600000.00,0.00,FLAT,0.0045,264658.00,SALES,1190.96,1205.25,1187.39,178.11,FALSE,17.86,0.00,STATED_AMOUNT,FALSE,PRIMARY,100.00,FALSE,,"Dec 18, 2025","Generated from BOUND policy status, Multi-Vehicle Package Coverage Core Liability Coverage selected for sample policy coverage.",56,FALSE,"Dec 18, 2025","Dec 17, 2026",TRUE,COV093,BOUND,POL000239
POL_ADMIN,LOC000477,AST-POL000239-02,OCCURRENCE,,130000.00,PER_OCCURRENCE,260000.00,26000.00,130000.00,1000.00,FLAT,745.0000,26.00,VEHICLE,19370.00,20028.58,19738.03,2960.70,FALSE,290.55,0.00,ACTUAL_CASH_VALUE,FALSE,EXCESS,50.00,FALSE,,"Dec 18, 2025","Generated from BOUND policy status, Multi-Vehicle Package Coverage Vehicle Damage Coverage selected for sample policy coverage.",67,FALSE,"Dec 18, 2025","Dec 17, 2026",TRUE,COV094,BOUND,POL000239
POL_ADMIN,LOC000478,AST-POL000240-01,OCCURRENCE,,1300000.00,COMBINED_SINGLE_LIMIT,1950000.00,260000.00,1300000.00,0.00,FLAT,0.0052,338249.00,SALES,1758.89,1839.80,1813.42,1432.60,FALSE,26.38,0.00,STATED_AMOUNT,FALSE,PRIMARY,100.00,FALSE,,"Dec 21, 2025","Generated from REINSTATED policy status, Multi-Vehicle Package Coverage Core Liability Coverage selected for sample policy coverage.",73,TRUE,"Dec 21, 2025","Dec 20, 2026",TRUE,COV095,ACTIVE,POL000240
POL_ADMIN,LOC000479,AST-POL000240-02,OCCURRENCE,,225000.00,PER_OCCURRENCE,450000.00,22500.00,225000.00,500.00,FLAT,360.0000,29.00,VEHICLE,10440.00,11149.92,11828.52,6505.69,FALSE,156.60,835.20,ACTUAL_CASH_VALUE,FALSE,EXCESS,50.00,FALSE,,"Dec 21, 2025","Generated from REINSTATED policy status, Multi-Vehicle Package Coverage Vehicle Damage Coverage selected for sample policy coverage.",84,TRUE,"Dec 21, 2025","Dec 20, 2026",TRUE,COV096,REINSTATED,POL000240
POL_ADMIN,LOC000480,AST-POL000240-03,OCCURRENCE,,300000.00,PER_OCCURRENCE,600000.00,45000.00,150000.00,1000.00,FLAT,0.0032,300000.00,DWELLING_VALUE,960.00,1046.40,1108.80,698.54,FALSE,14.40,76.80,REPLACEMENT_COST,FALSE,UMBRELLA,25.00,FALSE,,"Dec 21, 2025","Generated from REINSTATED policy status, HO-3 Dwelling Coverage Residential Property Coverage selected for sample policy coverage.",95,TRUE,"Dec 21, 2025","Dec 20, 2026",TRUE,COV097,ACTIVE,POL000240
POL_ADMIN,LOC000481,AST-POL000241-01,OCCURRENCE,,270000.00,PER_OCCURRENCE,540000.00,27000.00,135000.00,1000.00,FLAT,0.0028,270000.00,DWELLING_VALUE,756.00,816.48,865.62,0.00,FALSE,11.34,60.48,AGREED_VALUE,TRUE,PRIMARY,100.00,FALSE,,"Dec 24, 2025","Generated from APPLICATION policy status, HO-3 Dwelling Coverage Residential Property Coverage selected for sample policy coverage.",90,TRUE,"Dec 24, 2025","Dec 23, 2026",TRUE,COV097,REQUESTED,POL000241
POL_ADMIN,LOC000482,AST-POL000242-01,OCCURRENCE,,500000.00,PER_OCCURRENCE,1000000.00,75000.00,250000.00,500.00,FLAT,0.0032,500000.00,DWELLING_VALUE,1600.00,1548.80,1468.80,1468.80,TRUE,80.00,0.00,REPLACEMENT_COST,TRUE,PRIMARY,100.00,FALSE,,"Dec 27, 2025","Generated from CANCELLED policy status, HO-3 Dwelling Coverage Residential Property Coverage selected for sample policy coverage.",34,FALSE,"Dec 27, 2025","Mar 29, 2026",FALSE,COV099,CANCELLED,POL000242
POL_ADMIN,LOC000483,AST-POL000242-02,OCCURRENCE,,550000.00,PER_OCCURRENCE,1100000.00,110000.00,550000.00,0.00,FLAT,135.0000,3.00,HOUSEHOLD,405.00,400.95,380.70,380.70,TRUE,20.25,0.00,STATED_AMOUNT,FALSE,EXCESS,50.00,TRUE,"Feb 12, 2026","Dec 27, 2025","Generated from CANCELLED policy status, HO-3 Dwelling Coverage Household Liability Coverage selected for sample policy coverage.",45,FALSE,"Dec 27, 2025","Mar 29, 2026",FALSE,COV100,CANCELLED,POL000242
POL_ADMIN,LOC000484,AST-POL000243-01,OCCURRENCE,,330000.00,PER_OCCURRENCE,660000.00,66000.00,165000.00,1000.00,FLAT,0.0036,330000.00,DWELLING_VALUE,1188.00,1190.38,1130.98,802.99,FALSE,59.40,0.00,REPLACEMENT_COST,TRUE,PRIMARY,100.00,TRUE,"Feb 15, 2026","Dec 30, 2025","Generated from ACTIVE policy status, HO-3 Personal Liability Residential Property Coverage selected for sample policy coverage.",51,FALSE,"Dec 30, 2025","Dec 29, 2026",TRUE,COV101,ACTIVE,POL000243
POL_ADMIN,LOC000485,AST-POL000243-02,OCCURRENCE,,360000.00,PER_OCCURRENCE,720000.00,36000.00,360000.00,0.00,FLAT,155.0000,1.00,HOUSEHOLD,155.00,158.72,150.97,119.27,FALSE,7.75,0.00,STATED_AMOUNT,FALSE,EXCESS,50.00,TRUE,"Feb 16, 2026","Dec 30, 2025","Generated from ACTIVE policy status, HO-3 Personal Liability Household Liability Coverage selected for sample policy coverage.",62,FALSE,"Dec 30, 2025","Dec 29, 2026",TRUE,COV102,ENDORSED,POL000243
POL_ADMIN,LOC000486,AST-POL000243-03,OCCURRENCE,,650000.00,PER_OCCURRENCE,1300000.00,97500.00,325000.00,500.00,FLAT,0.0044,650000.00,DWELLING_VALUE,2860.00,2991.56,2848.56,1566.71,FALSE,143.00,0.00,REPLACEMENT_COST,FALSE,UMBRELLA,25.00,FALSE,,"Dec 30, 2025","Generated from ACTIVE policy status, HO-3 Personal Liability Residential Property Coverage selected for sample policy coverage.",73,TRUE,"Dec 30, 2025","Dec 29, 2026",TRUE,COV103,ACTIVE,POL000243
POL_ADMIN,LOC000487,AST-POL000244-01,OCCURRENCE,,600000.00,PER_OCCURRENCE,1200000.00,60000.00,300000.00,500.00,FLAT,0.0040,600000.00,DWELLING_VALUE,2400.00,2486.40,2450.40,1935.82,FALSE,36.00,0.00,REPLACEMENT_COST,TRUE,PRIMARY,100.00,TRUE,"Feb 19, 2026","Jan 02, 2026","Generated from ACTIVE policy status, HO-3 Personal Liability Residential Property Coverage selected for sample policy coverage.",68,FALSE,"Jan 02, 2026","Jan 01, 2027",TRUE,COV103,ENDORSED,POL000244
POL_ADMIN,LOC000488,AST-POL000245-01,OCCURRENCE,,390000.00,PER_OCCURRENCE,780000.00,58500.00,195000.00,2.00,PERCENTAGE,0.0044,390000.00,DWELLING_VALUE,1716.00,1836.12,1887.60,1038.18,FALSE,85.80,137.28,AGREED_VALUE,TRUE,PRIMARY,100.00,FALSE,,"Jan 05, 2026","Generated from ACTIVE policy status, HO-5 Comprehensive Dwelling Residential Property Coverage selected for sample policy coverage.",85,TRUE,"Jan 05, 2026","Jan 04, 2027",TRUE,COV105,ACTIVE,POL000245
POL_ADMIN,LOC000489,AST-POL000245-02,OCCURRENCE,,270000.00,PER_OCCURRENCE,540000.00,54000.00,270000.00,0.00,FLAT,95.0000,3.00,HOUSEHOLD,285.00,311.22,319.77,201.46,FALSE,14.25,22.80,STATED_AMOUNT,FALSE,EXCESS,50.00,TRUE,"Feb 24, 2026","Jan 05, 2026","Generated from ACTIVE policy status, HO-5 Comprehensive Dwelling Household Liability Coverage selected for sample policy coverage.",96,TRUE,"Jan 05, 2026","Jan 04, 2027",TRUE,COV106,ENDORSED,POL000245
POL_ADMIN,LOC000490,AST-POL000246-01,OCCURRENCE,,450000.00,PER_OCCURRENCE,900000.00,90000.00,225000.00,1.00,PERCENTAGE,0.0048,450000.00,DWELLING_VALUE,2160.00,2069.28,1961.28,1235.61,FALSE,108.00,0.00,REPLACEMENT_COST,TRUE,PRIMARY,100.00,FALSE,,"Jan 08, 2026","Generated from ISSUED policy status, HO-5 Comprehensive Dwelling Residential Property Coverage selected for sample policy coverage.",29,FALSE,"Jan 08, 2026","Jan 07, 2027",TRUE,COV107,ACTIVE,POL000246
POL_ADMIN,LOC000491,AST-POL000246-02,OCCURRENCE,,500000.00,PER_OCCURRENCE,1000000.00,50000.00,500000.00,0.00,FLAT,115.0000,1.00,HOUSEHOLD,115.00,112.70,106.95,75.93,FALSE,5.75,0.00,STATED_AMOUNT,FALSE,EXCESS,50.00,FALSE,,"Jan 08, 2026","Generated from ISSUED policy status, HO-5 Comprehensive Dwelling Household Liability Coverage selected for sample policy coverage.",40,FALSE,"Jan 08, 2026","Jan 07, 2027",TRUE,COV108,ACTIVE,POL000246
POL_ADMIN,LOC000492,AST-POL000246-03,OCCURRENCE,,330000.00,PER_OCCURRENCE,660000.00,49500.00,165000.00,2.00,PERCENTAGE,0.0032,330000.00,DWELLING_VALUE,1056.00,1058.11,1005.31,794.20,FALSE,52.80,0.00,REPLACEMENT_COST,FALSE,UMBRELLA,25.00,FALSE,,"Jan 08, 2026","Generated from ISSUED policy status, HO-5 Personal Property Residential Property Coverage selected for sample policy coverage.",51,FALSE,"Jan 08, 2026","Jan 07, 2027",TRUE,COV109,ACTIVE,POL000246
POL_ADMIN,LOC000493,AST-POL000247-01,OCCURRENCE,,300000.00,PER_OCCURRENCE,600000.00,30000.00,150000.00,2.00,PERCENTAGE,0.0028,300000.00,DWELLING_VALUE,840.00,833.28,791.28,118.69,FALSE,42.00,0.00,REPLACEMENT_COST,TRUE,PRIMARY,100.00,FALSE,,"Jan 11, 2026","Generated from BOUND policy status, HO-5 Personal Property Residential Property Coverage selected for sample policy coverage.",46,FALSE,"Jan 11, 2026","Jan 10, 2027",TRUE,COV109,BOUND,POL000247
POL_ADMIN,LOC000494,AST-POL000248-01,OCCURRENCE,,550000.00,PER_OCCURRENCE,1100000.00,82500.00,275000.00,1.00,PERCENTAGE,0.0032,550000.00,DWELLING_VALUE,1760.00,1805.76,1779.36,1405.69,FALSE,26.40,0.00,REPLACEMENT_COST,TRUE,PRIMARY,100.00,FALSE,,"Jan 14, 2026","Generated from REINSTATED policy status, HO-5 Personal Property Residential Property Coverage selected for sample policy coverage.",63,FALSE,"Jan 14, 2026","Jan 13, 2027",TRUE,COV111,ACTIVE,POL000248
POL_ADMIN,LOC000495,AST-POL000248-02,OCCURRENCE,,600000.00,PER_OCCURRENCE,1200000.00,120000.00,600000.00,0.00,FLAT,155.0000,3.00,HOUSEHOLD,465.00,487.32,480.34,264.19,FALSE,6.97,0.00,STATED_AMOUNT,FALSE,EXCESS,50.00,FALSE,,"Jan 14, 2026","Generated from REINSTATED policy status, HO-5 Personal Property Household Liability Coverage selected for sample policy coverage.",74,TRUE,"Jan 14, 2026","Jan 13, 2027",TRUE,COV112,REINSTATED,POL000248
POL_ADMIN,LOC000496,AST-POL000249-01,OCCURRENCE,,360000.00,PER_OCCURRENCE,720000.00,72000.00,180000.00,1000.00,FLAT,0.0036,360000.00,DWELLING_VALUE,1296.00,1373.76,1412.64,0.00,FALSE,64.80,103.68,AGREED_VALUE,TRUE,PRIMARY,100.00,FALSE,,"Jan 17, 2026","Generated from APPLICATION policy status, Condo Building Items Residential Property Coverage selected for sample policy coverage.",80,TRUE,"Jan 17, 2026","Jan 16, 2027",TRUE,COV113,REQUESTED,POL000249
POL_ADMIN,LOC000497,AST-POL000249-02,OCCURRENCE,,390000.00,PER_OCCURRENCE,780000.00,39000.00,390000.00,0.00,FLAT,175.0000,1.00,HOUSEHOLD,175.00,189.35,194.60,9.73,FALSE,8.75,14.00,STATED_AMOUNT,FALSE,EXCESS,50.00,FALSE,,"Jan 17, 2026","Generated from APPLICATION policy status, Condo Building Items Household Liability Coverage selected for sample policy coverage.",91,TRUE,"Jan 17, 2026","Jan 16, 2027",TRUE,COV114,UW_REVIEW,POL000249
POL_ADMIN,LOC000498,AST-POL000249-03,OCCURRENCE,,450000.00,PER_OCCURRENCE,900000.00,67500.00,225000.00,500.00,FLAT,0.0044,450000.00,DWELLING_VALUE,1980.00,1896.84,1797.84,0.00,FALSE,99.00,0.00,AGREED_VALUE,FALSE,UMBRELLA,25.00,FALSE,,"Jan 17, 2026","Generated from APPLICATION policy status, Condo Building Items Residential Property Coverage selected for sample policy coverage.",29,FALSE,"Jan 17, 2026","Jan 16, 2027",TRUE,COV115,REQUESTED,POL000249
POL_ADMIN,LOC000499,AST-POL000250-01,OCCURRENCE,,650000.00,PER_OCCURRENCE,1300000.00,65000.00,325000.00,500.00,FLAT,0.0040,650000.00,DWELLING_VALUE,2600.00,2844.40,2922.40,2922.40,TRUE,130.00,208.00,REPLACEMENT_COST,TRUE,PRIMARY,100.00,FALSE,,"Jan 20, 2026","Generated from CANCELLED policy status, Condo Building Items Residential Property Coverage selected for sample policy coverage.",97,TRUE,"Jan 20, 2026","Apr 30, 2026",FALSE,COV115,CANCELLED,POL000250
POL_ADMIN,LOC000500,AST-POL000251-01,OCCURRENCE,,270000.00,PER_OCCURRENCE,540000.00,40500.00,135000.00,1000.00,FLAT,0.0044,270000.00,DWELLING_VALUE,1188.00,1166.62,1107.22,1107.22,TRUE,59.40,0.00,REPLACEMENT_COST,TRUE,PRIMARY,100.00,FALSE,,"Jan 23, 2026","Generated from NON_RENEWED policy status, Condo Personal Liability Residential Property Coverage selected for sample policy coverage.",41,FALSE,"Jan 23, 2026","May 04, 2026",FALSE,COV117,NON_RENEWED,POL000251
POL_ADMIN,LOC000501,AST-POL000251-02,OCCURRENCE,,300000.00,PER_OCCURRENCE,600000.00,60000.00,300000.00,0.00,FLAT,115.0000,3.00,HOUSEHOLD,345.00,346.38,329.13,329.13,TRUE,17.25,0.00,STATED_AMOUNT,FALSE,EXCESS,50.00,FALSE,,"Jan 23, 2026","Generated from NON_RENEWED policy status, Condo Personal Liability Household Liability Coverage selected for sample policy coverage.",52,FALSE,"Jan 23, 2026","May 04, 2026",FALSE,COV118,NON_RENEWED,POL000251
POL_ADMIN,LOC000502,AST-POL000252-01,OCCURRENCE,,500000.00,PER_OCCURRENCE,1000000.00,100000.00,250000.00,500.00,FLAT,0.0048,500000.00,DWELLING_VALUE,2400.00,2438.40,2402.40,1897.90,FALSE,36.00,0.00,REPLACEMENT_COST,TRUE,PRIMARY,100.00,TRUE,"Mar 23, 2026","Jan 26, 2026","Generated from ACTIVE policy status, Condo Personal Liability Residential Property Coverage selected for sample policy coverage.",58,FALSE,"Jan 26, 2026","Jan 25, 2027",TRUE,COV119,ENDORSED,POL000252
POL_ADMIN,LOC000503,AST-POL000252-02,OCCURRENCE,,550000.00,PER_OCCURRENCE,1100000.00,55000.00,550000.00,0.00,FLAT,135.0000,1.00,HOUSEHOLD,135.00,140.13,138.10,75.96,FALSE,2.02,0.00,STATED_AMOUNT,FALSE,EXCESS,50.00,FALSE,,"Jan 26, 2026","Generated from ACTIVE policy status, Condo Personal Liability Household Liability Coverage selected for sample policy coverage.",69,FALSE,"Jan 26, 2026","Jan 25, 2027",TRUE,COV120,ACTIVE,POL000252
POL_ADMIN,LOC000504,AST-POL000252-03,OCCURRENCE,,360000.00,PER_OCCURRENCE,720000.00,54000.00,180000.00,1000.00,FLAT,0.0032,360000.00,DWELLING_VALUE,1152.00,1221.12,1296.00,816.48,FALSE,17.28,92.16,REPLACEMENT_COST,FALSE,UMBRELLA,25.00,TRUE,"Mar 25, 2026","Jan 26, 2026","Generated from ACTIVE policy status, Renters Personal Property Residential Property Coverage selected for sample policy coverage.",80,TRUE,"Jan 26, 2026","Jan 25, 2027",TRUE,COV121,ENDORSED,POL000252
POL_ADMIN,LOC000505,AST-POL000253-01,OCCURRENCE,,330000.00,PER_OCCURRENCE,660000.00,33000.00,165000.00,1000.00,FLAT,0.0028,330000.00,DWELLING_VALUE,924.00,970.20,1030.26,566.64,FALSE,13.86,73.92,AGREED_VALUE,TRUE,PRIMARY,100.00,FALSE,,"Jan 29, 2026","Generated from ACTIVE policy status, Renters Personal Property Residential Property Coverage selected for sample policy coverage.",75,TRUE,"Jan 29, 2026","Jan 28, 2027",TRUE,COV121,ACTIVE,POL000253
POL_ADMIN,LOC000506,AST-POL000254-01,OCCURRENCE,,600000.00,PER_OCCURRENCE,1200000.00,90000.00,300000.00,500.00,FLAT,0.0032,600000.00,DWELLING_VALUE,1920.00,2081.28,2138.88,1347.49,FALSE,96.00,153.60,REPLACEMENT_COST,TRUE,PRIMARY,100.00,TRUE,"Mar 31, 2026","Feb 01, 2026","Generated from ISSUED policy status, Renters Personal Property Residential Property Coverage selected for sample policy coverage.",92,TRUE,"Feb 01, 2026","Jan 31, 2027",TRUE,COV123,ACTIVE,POL000254
POL_ADMIN,LOC000507,AST-POL000254-02,OCCURRENCE,,650000.00,PER_OCCURRENCE,1300000.00,130000.00,650000.00,0.00,FLAT,175.0000,3.00,HOUSEHOLD,525.00,504.00,477.75,339.20,FALSE,26.25,0.00,STATED_AMOUNT,FALSE,EXCESS,50.00,FALSE,,"Feb 01, 2026","Generated from ISSUED policy status, Renters Personal Property Household Liability Coverage selected for sample policy coverage.",30,FALSE,"Feb 01, 2026","Jan 31, 2027",TRUE,COV124,ACTIVE,POL000254
POL_ADMIN,LOC000508,AST-POL000255-01,OCCURRENCE,,390000.00,PER_OCCURRENCE,780000.00,78000.00,195000.00,1000.00,FLAT,0.0036,390000.00,DWELLING_VALUE,1404.00,1364.69,1343.63,201.54,FALSE,21.06,0.00,REPLACEMENT_COST,TRUE,PRIMARY,100.00,FALSE,,"Feb 04, 2026","Generated from BOUND policy status, Renters Liability Residential Property Coverage selected for sample policy coverage.",36,FALSE,"Feb 04, 2026","Feb 03, 2027",TRUE,COV125,BOUND,POL000255
POL_ADMIN,LOC000509,AST-POL000255-02,OCCURRENCE,,270000.00,PER_OCCURRENCE,540000.00,27000.00,270000.00,0.00,FLAT,95.0000,1.00,HOUSEHOLD,95.00,94.43,93.00,13.95,FALSE,1.43,0.00,STATED_AMOUNT,FALSE,EXCESS,50.00,FALSE,,"Feb 04, 2026","Generated from BOUND policy status, Renters Liability Household Liability Coverage selected for sample policy coverage.",47,FALSE,"Feb 04, 2026","Feb 03, 2027",TRUE,COV126,BOUND,POL000255
POL_ADMIN,LOC000510,AST-POL000255-03,OCCURRENCE,,500000.00,PER_OCCURRENCE,1000000.00,75000.00,250000.00,500.00,FLAT,0.0044,500000.00,DWELLING_VALUE,2200.00,2235.20,2202.20,330.33,FALSE,33.00,0.00,REPLACEMENT_COST,FALSE,UMBRELLA,25.00,FALSE,,"Feb 04, 2026","Generated from BOUND policy status, Renters Liability Residential Property Coverage selected for sample policy coverage.",58,FALSE,"Feb 04, 2026","Feb 03, 2027",TRUE,COV127,BOUND,POL000255
POL_ADMIN,LOC000511,AST-POL000256-01,OCCURRENCE,,450000.00,PER_OCCURRENCE,900000.00,45000.00,225000.00,500.00,FLAT,0.0040,450000.00,DWELLING_VALUE,1800.00,1810.80,1783.80,1409.20,FALSE,27.00,0.00,REPLACEMENT_COST,TRUE,PRIMARY,100.00,TRUE,"Apr 08, 2026","Feb 07, 2026","Generated from RENEWAL_PENDING policy status, Renters Liability Residential Property Coverage selected for sample policy coverage.",53,FALSE,"Feb 07, 2026","Feb 06, 2027",TRUE,COV127,ENDORSED,POL000256
POL_ADMIN,LOC000512,AST-POL000257-01,CLAIMS_MADE,"Feb 10, 2025",500000.00,COMBINED_SINGLE_LIMIT,750000.00,75000.00,500000.00,0.00,FLAT,0.0073,1589296.00,SALES,11601.86,12065.94,11891.91,0.00,FALSE,174.03,0.00,STATED_AMOUNT,FALSE,PRIMARY,100.00,FALSE,,"Feb 10, 2026","Generated from APPLICATION policy status, Commercial Auto Liability Core Liability Coverage selected for sample policy coverage.",70,FALSE,"Feb 10, 2026","Feb 09, 2027",TRUE,COV001,REQUESTED,POL000257
POL_ADMIN,LOC000513,AST-POL000257-02,OCCURRENCE,,110000.00,PER_OCCURRENCE,220000.00,22000.00,110000.00,1000.00,FLAT,415.0000,20.00,VEHICLE,8300.00,8814.60,9354.10,467.71,FALSE,124.50,664.00,ACTUAL_CASH_VALUE,FALSE,EXCESS,50.00,FALSE,,"Feb 10, 2026","Generated from APPLICATION policy status, Commercial Auto Liability Vehicle Damage Coverage selected for sample policy coverage.",81,TRUE,"Feb 10, 2026","Feb 09, 2027",TRUE,COV002,UW_REVIEW,POL000257
POL_ADMIN,LOC000514,AST-POL000258-01,OCCURRENCE,,1100000.00,COMBINED_SINGLE_LIMIT,1650000.00,220000.00,1100000.00,0.00,FLAT,0.0080,1662887.00,SALES,13303.10,14287.53,14686.62,9252.57,FALSE,665.15,1064.25,STATED_AMOUNT,FALSE,PRIMARY,100.00,FALSE,,"Feb 13, 2026","Generated from SUSPENDED policy status, Commercial Auto Liability Core Liability Coverage selected for sample policy coverage.",87,TRUE,"Feb 13, 2026","Jun 01, 2026",TRUE,COV003,SUSPENDED,POL000258
POL_ADMIN,LOC000515,AST-POL000258-02,OCCURRENCE,,300000.00,PER_OCCURRENCE,600000.00,30000.00,300000.00,500.00,FLAT,470.0000,23.00,VEHICLE,10810.00,10269.50,9729.00,6907.59,FALSE,540.50,0.00,ACTUAL_CASH_VALUE,FALSE,EXCESS,50.00,FALSE,,"Feb 13, 2026","Generated from SUSPENDED policy status, Commercial Auto Liability Vehicle Damage Coverage selected for sample policy coverage.",25,TRUE,"Feb 13, 2026","Jun 01, 2026",TRUE,COV004,SUSPENDED,POL000258
POL_ADMIN,LOC000516,AST-POL000258-03,OCCURRENCE,,650000.00,COMBINED_SINGLE_LIMIT,975000.00,97500.00,650000.00,0.00,FLAT,0.0045,1712887.00,SALES,7707.99,7492.17,7106.77,5614.35,FALSE,385.40,0.00,STATED_AMOUNT,FALSE,UMBRELLA,25.00,FALSE,,"Feb 13, 2026","Generated from SUSPENDED policy status, Commercial Auto Physical Damage Core Liability Coverage selected for sample policy coverage.",36,TRUE,"Feb 13, 2026","Jun 01, 2026",TRUE,COV005,SUSPENDED,POL000258
POL_ADMIN,LOC000517,AST-POL000259-01,OCCURRENCE,,600000.00,COMBINED_SINGLE_LIMIT,900000.00,60000.00,600000.00,0.00,FLAT,0.0087,1736478.00,SALES,15107.36,14533.28,14306.67,14306.67,TRUE,226.61,0.00,STATED_AMOUNT,FALSE,PRIMARY,100.00,FALSE,,"Feb 16, 2026","Generated from NON_RENEWED policy status, Commercial Auto Physical Damage Core Liability Coverage selected for sample policy coverage.",31,FALSE,"Feb 16, 2026","Jun 05, 2026",FALSE,COV005,NON_RENEWED,POL000259
POL_ADMIN,LOC000518,AST-POL000260-01,OCCURRENCE,,1300000.00,COMBINED_SINGLE_LIMIT,1950000.00,195000.00,1300000.00,0.00,FLAT,0.0045,1810069.00,SALES,8145.31,8112.73,7990.55,6312.53,FALSE,122.18,0.00,STATED_AMOUNT,FALSE,PRIMARY,100.00,TRUE,"Apr 24, 2026","Feb 19, 2026","Generated from ACTIVE policy status, Commercial Auto Physical Damage Core Liability Coverage selected for sample policy coverage.",48,FALSE,"Feb 19, 2026","Feb 18, 2027",TRUE,COV007,ENDORSED,POL000260
POL_ADMIN,LOC000519,AST-POL000260-02,OCCURRENCE,,225000.00,PER_OCCURRENCE,450000.00,45000.00,225000.00,500.00,FLAT,580.0000,29.00,VEHICLE,16820.00,17122.76,16870.46,9278.75,FALSE,252.30,0.00,ACTUAL_CASH_VALUE,FALSE,EXCESS,50.00,FALSE,,"Feb 19, 2026","Generated from ACTIVE policy status, Commercial Auto Physical Damage Vehicle Damage Coverage selected for sample policy coverage.",59,FALSE,"Feb 19, 2026","Feb 18, 2027",TRUE,COV008,ACTIVE,POL000260
POL_ADMIN,LOC000520,AST-POL000261-01,CLAIMS_MADE,"Feb 22, 2025",450000.00,COMBINED_SINGLE_LIMIT,675000.00,90000.00,450000.00,0.00,FLAT,0.0052,1883660.00,SALES,9795.03,10088.88,9941.96,5468.08,FALSE,146.93,0.00,STATED_AMOUNT,FALSE,PRIMARY,100.00,FALSE,,"Feb 22, 2026","Generated from ACTIVE policy status, Fleet Liability Core Liability Coverage selected for sample policy coverage.",65,FALSE,"Feb 22, 2026","Feb 21, 2027",TRUE,COV009,ACTIVE,POL000261
POL_ADMIN,LOC000521,AST-POL000261-02,OCCURRENCE,,100000.00,PER_OCCURRENCE,200000.00,10000.00,100000.00,1000.00,FLAT,635.0000,2.00,VEHICLE,1270.00,1336.04,1418.59,893.71,FALSE,19.05,101.60,ACTUAL_CASH_VALUE,FALSE,EXCESS,50.00,TRUE,"Apr 29, 2026","Feb 22, 2026","Generated from ACTIVE policy status, Fleet Liability Vehicle Damage Coverage selected for sample policy coverage.",76,TRUE,"Feb 22, 2026","Feb 21, 2027",TRUE,COV010,ENDORSED,POL000261
POL_ADMIN,LOC000522,AST-POL000261-03,OCCURRENCE,,1100000.00,COMBINED_SINGLE_LIMIT,1650000.00,165000.00,1100000.00,0.00,FLAT,0.0066,1933660.00,SALES,12762.16,13706.56,14536.10,10320.63,FALSE,191.43,1020.97,STATED_AMOUNT,FALSE,UMBRELLA,25.00,FALSE,,"Feb 22, 2026","Generated from ACTIVE policy status, Fleet Liability Core Liability Coverage selected for sample policy coverage.",87,TRUE,"Feb 22, 2026","Feb 21, 2027",TRUE,COV011,ACTIVE,POL000261
POL_ADMIN,LOC000523,AST-POL000262-01,OCCURRENCE,,1000000.00,COMBINED_SINGLE_LIMIT,1500000.00,100000.00,1000000.00,0.00,FLAT,0.0059,1957251.00,SALES,11547.78,12286.84,12633.27,7958.96,FALSE,577.39,923.82,STATED_AMOUNT,FALSE,PRIMARY,100.00,FALSE,,"Feb 25, 2026","Generated from ISSUED policy status, Fleet Liability Core Liability Coverage selected for sample policy coverage.",82,TRUE,"Feb 25, 2026","Feb 24, 2027",TRUE,COV011,ACTIVE,POL000262
POL_ADMIN,LOC000524,AST-POL000263-01,OCCURRENCE,,550000.00,COMBINED_SINGLE_LIMIT,825000.00,82500.00,550000.00,0.00,FLAT,0.0066,280842.00,SALES,1853.56,1764.59,1736.78,260.52,FALSE,27.80,0.00,STATED_AMOUNT,FALSE,PRIMARY,100.00,FALSE,,"Feb 28, 2026","Generated from BOUND policy status, Fleet Physical Damage Core Liability Coverage selected for sample policy coverage.",26,FALSE,"Feb 28, 2026","Feb 27, 2027",TRUE,COV013,BOUND,POL000263
POL_ADMIN,LOC000525,AST-POL000263-02,OCCURRENCE,,120000.00,PER_OCCURRENCE,240000.00,24000.00,120000.00,1000.00,FLAT,745.0000,8.00,VEHICLE,5960.00,5805.04,5715.64,857.35,FALSE,89.40,0.00,ACTUAL_CASH_VALUE,FALSE,EXCESS,50.00,FALSE,,"Feb 28, 2026","Generated from BOUND policy status, Fleet Physical Damage Vehicle Damage Coverage selected for sample policy coverage.",37,FALSE,"Feb 28, 2026","Feb 27, 2027",TRUE,COV014,BOUND,POL000263
POL_ADMIN,LOC000526,AST-POL000264-01,OCCURRENCE,,1200000.00,COMBINED_SINGLE_LIMIT,1800000.00,240000.00,1200000.00,0.00,FLAT,0.0073,354433.00,SALES,2587.36,2551.14,2512.33,1984.74,FALSE,38.81,0.00,STATED_AMOUNT,FALSE,PRIMARY,100.00,TRUE,"May 10, 2026","Mar 03, 2026","Generated from RENEWAL_PENDING policy status, Fleet Physical Damage Core Liability Coverage selected for sample policy coverage.",43,FALSE,"Mar 03, 2026","Mar 02, 2027",TRUE,COV015,ENDORSED,POL000264
POL_ADMIN,LOC000527,AST-POL000264-02,OCCURRENCE,,325000.00,PER_OCCURRENCE,650000.00,32500.00,325000.00,500.00,FLAT,360.0000,11.00,VEHICLE,3960.00,3991.68,3932.28,2162.75,FALSE,59.40,0.00,ACTUAL_CASH_VALUE,FALSE,EXCESS,50.00,TRUE,"May 11, 2026","Mar 03, 2026","Generated from RENEWAL_PENDING policy status, Fleet Physical Damage Vehicle Damage Coverage selected for sample policy coverage.",54,FALSE,"Mar 03, 2026","Mar 02, 2027",TRUE,COV016,ACTIVE,POL000264
POL_ADMIN,LOC000528,AST-POL000264-03,OCCURRENCE,,450000.00,COMBINED_SINGLE_LIMIT,675000.00,67500.00,450000.00,0.00,FLAT,0.0087,404433.00,SALES,3518.57,3624.12,3571.35,2249.95,FALSE,52.78,0.00,STATED_AMOUNT,FALSE,UMBRELLA,25.00,TRUE,"May 12, 2026","Mar 03, 2026","Generated from RENEWAL_PENDING policy status, Hired and Non-Owned Liability Core Liability Coverage selected for sample policy coverage.",65,FALSE,"Mar 03, 2026","Mar 02, 2027",TRUE,COV017,ENDORSED,POL000264
POL_ADMIN,LOC000529,AST-POL000265-01,CLAIMS_MADE,"Mar 06, 2025",650000.00,COMBINED_SINGLE_LIMIT,975000.00,65000.00,650000.00,0.00,FLAT,0.0080,428024.00,SALES,3424.19,3492.68,3441.31,0.00,FALSE,51.36,0.00,STATED_AMOUNT,FALSE,PRIMARY,100.00,TRUE,"May 14, 2026","Mar 06, 2026","Generated from QUOTE policy status, Hired and Non-Owned Liability Core Liability Coverage selected for sample policy coverage.",60,FALSE,"Mar 06, 2026","Mar 05, 2027",TRUE,COV017,QUOTED,POL000265
POL_ADMIN,LOC000530,AST-POL000266-01,OCCURRENCE,,900000.00,COMBINED_SINGLE_LIMIT,1350000.00,135000.00,900000.00,0.00,FLAT,0.0087,501615.00,SALES,4364.05,4599.71,4730.63,2980.30,FALSE,218.20,349.12,STATED_AMOUNT,FALSE,PRIMARY,100.00,FALSE,,"Mar 09, 2026","Generated from SUSPENDED policy status, Hired and Non-Owned Liability Core Liability Coverage selected for sample policy coverage.",77,TRUE,"Mar 09, 2026","Jul 03, 2026",TRUE,COV019,SUSPENDED,POL000266
POL_ADMIN,LOC000531,AST-POL000266-02,OCCURRENCE,,250000.00,PER_OCCURRENCE,500000.00,50000.00,250000.00,500.00,FLAT,470.0000,17.00,VEHICLE,7990.00,8597.24,8836.94,6274.23,FALSE,399.50,639.20,ACTUAL_CASH_VALUE,FALSE,EXCESS,50.00,FALSE,,"Mar 09, 2026","Generated from SUSPENDED policy status, Hired and Non-Owned Liability Vehicle Damage Coverage selected for sample policy coverage.",88,TRUE,"Mar 09, 2026","Jul 03, 2026",TRUE,COV020,SUSPENDED,POL000266
POL_ADMIN,LOC000532,AST-POL000267-01,OCCURRENCE,,500000.00,COMBINED_SINGLE_LIMIT,750000.00,100000.00,500000.00,0.00,FLAT,0.0045,575206.00,SALES,2588.43,2816.21,2984.46,2984.46,TRUE,38.83,207.07,STATED_AMOUNT,FALSE,PRIMARY,100.00,FALSE,,"Mar 12, 2026","Generated from LAPSED policy status, Hired and Non-Owned Excess Liability Core Liability Coverage selected for sample policy coverage.",94,TRUE,"Mar 12, 2026","Jul 07, 2026",FALSE,COV021,LAPSED,POL000267
POL_ADMIN,LOC000533,AST-POL000267-02,OCCURRENCE,,110000.00,PER_OCCURRENCE,220000.00,11000.00,110000.00,1000.00,FLAT,525.0000,20.00,VEHICLE,10500.00,10122.00,9964.50,9964.50,TRUE,157.50,0.00,ACTUAL_CASH_VALUE,FALSE,EXCESS,50.00,FALSE,,"Mar 12, 2026","Generated from LAPSED policy status, Hired and Non-Owned Excess Liability Vehicle Damage Coverage selected for sample policy coverage.",32,TRUE,"Mar 12, 2026","Jul 07, 2026",FALSE,COV022,LAPSED,POL000267
POL_ADMIN,LOC000534,AST-POL000267-03,CLAIMS_MADE,"Mar 12, 2025",1200000.00,COMBINED_SINGLE_LIMIT,1800000.00,180000.00,1200000.00,0.00,FLAT,0.0059,625206.00,SALES,3688.72,3637.07,3581.74,3581.74,TRUE,55.33,0.00,STATED_AMOUNT,FALSE,UMBRELLA,25.00,FALSE,,"Mar 12, 2026","Generated from LAPSED policy status, Hired and Non-Owned Excess Liability Core Liability Coverage selected for sample policy coverage.",43,TRUE,"Mar 12, 2026","Jul 07, 2026",FALSE,COV023,LAPSED,POL000267
POL_ADMIN,LOC000535,AST-POL000268-01,OCCURRENCE,,1100000.00,COMBINED_SINGLE_LIMIT,1650000.00,110000.00,1100000.00,0.00,FLAT,0.0052,648797.00,SALES,3373.74,3292.77,3242.17,2561.31,FALSE,50.61,0.00,STATED_AMOUNT,FALSE,PRIMARY,100.00,TRUE,"May 26, 2026","Mar 15, 2026","Generated from ACTIVE policy status, Hired and Non-Owned Excess Liability Core Liability Coverage selected for sample policy coverage.",38,FALSE,"Mar 15, 2026","Mar 14, 2027",TRUE,COV023,ENDORSED,POL000268
POL_ADMIN,LOC000536,AST-POL000269-01,CLAIMS_MADE,"Mar 18, 2025",600000.00,COMBINED_SINGLE_LIMIT,900000.00,90000.00,600000.00,0.00,FLAT,0.0059,722388.00,SALES,4262.09,4304.71,4240.78,2332.43,FALSE,63.93,0.00,STATED_AMOUNT,FALSE,PRIMARY,100.00,FALSE,,"Mar 18, 2026","Generated from ACTIVE policy status, Trucking Liability Core Liability Coverage selected for sample policy coverage.",55,FALSE,"Mar 18, 2026","Mar 17, 2027",TRUE,COV025,ACTIVE,POL000269
POL_ADMIN,LOC000537,AST-POL000269-02,OCCURRENCE,,130000.00,PER_OCCURRENCE,260000.00,26000.00,130000.00,1000.00,FLAT,635.0000,26.00,VEHICLE,16510.00,17038.32,16790.67,10578.12,FALSE,247.65,0.00,ACTUAL_CASH_VALUE,FALSE,EXCESS,50.00,TRUE,"May 31, 2026","Mar 18, 2026","Generated from ACTIVE policy status, Trucking Liability Vehicle Damage Coverage selected for sample policy coverage.",66,FALSE,"Mar 18, 2026","Mar 17, 2027",TRUE,COV026,ENDORSED,POL000269
POL_ADMIN,LOC000538,AST-POL000270-01,OCCURRENCE,,1300000.00,COMBINED_SINGLE_LIMIT,1950000.00,260000.00,1300000.00,0.00,FLAT,0.0066,795979.00,SALES,5253.46,5484.61,5221.94,3289.82,FALSE,262.67,0.00,STATED_AMOUNT,FALSE,PRIMARY,100.00,FALSE,,"Mar 21, 2026","Generated from ISSUED policy status, Trucking Liability Core Liability Coverage selected for sample policy coverage.",72,TRUE,"Mar 21, 2026","Mar 20, 2027",TRUE,COV027,ACTIVE,POL000270
POL_ADMIN,LOC000539,AST-POL000270-02,OCCURRENCE,,225000.00,PER_OCCURRENCE,450000.00,22500.00,225000.00,500.00,FLAT,690.0000,29.00,VEHICLE,20010.00,21330.66,21930.96,15570.98,FALSE,1000.50,1600.80,ACTUAL_CASH_VALUE,FALSE,EXCESS,50.00,FALSE,,"Mar 21, 2026","Generated from ISSUED policy status, Trucking Liability Vehicle Damage Coverage selected for sample policy coverage.",83,TRUE,"Mar 21, 2026","Mar 20, 2027",TRUE,COV028,ACTIVE,POL000270
POL_ADMIN,LOC000540,AST-POL000270-03,OCCURRENCE,,500000.00,COMBINED_SINGLE_LIMIT,750000.00,75000.00,500000.00,0.00,FLAT,0.0080,845979.00,SALES,6767.83,7363.40,7566.44,5977.48,FALSE,338.39,541.43,STATED_AMOUNT,FALSE,UMBRELLA,25.00,FALSE,,"Mar 21, 2026","Generated from ISSUED policy status, Truckers Cargo Coverage Core Liability Coverage selected for sample policy coverage.",94,TRUE,"Mar 21, 2026","Mar 20, 2027",TRUE,COV029,ACTIVE,POL000270
POL_ADMIN,LOC000541,AST-POL000271-01,OCCURRENCE,,450000.00,COMBINED_SINGLE_LIMIT,675000.00,45000.00,450000.00,0.00,FLAT,0.0073,869570.00,SALES,6347.86,6842.99,7255.61,1088.34,FALSE,95.22,507.83,STATED_AMOUNT,FALSE,PRIMARY,100.00,FALSE,,"Mar 24, 2026","Generated from BOUND policy status, Truckers Cargo Coverage Core Liability Coverage selected for sample policy coverage.",89,TRUE,"Mar 24, 2026","Mar 23, 2027",TRUE,COV029,BOUND,POL000271
POL_ADMIN,LOC000542,AST-POL000272-01,OCCURRENCE,,1000000.00,COMBINED_SINGLE_LIMIT,1500000.00,150000.00,1000000.00,0.00,FLAT,0.0080,943161.00,SALES,7545.29,7288.75,7175.57,5668.70,FALSE,113.18,0.00,STATED_AMOUNT,FALSE,PRIMARY,100.00,TRUE,"Jun 11, 2026","Mar 27, 2026","Generated from RENEWAL_PENDING policy status, Truckers Cargo Coverage Core Liability Coverage selected for sample policy coverage.",33,FALSE,"Mar 27, 2026","Mar 26, 2027",TRUE,COV031,ENDORSED,POL000272
POL_ADMIN,LOC000543,AST-POL000272-02,OCCURRENCE,,275000.00,PER_OCCURRENCE,550000.00,55000.00,275000.00,500.00,FLAT,360.0000,5.00,VEHICLE,1800.00,1778.40,1751.40,963.27,FALSE,27.00,0.00,ACTUAL_CASH_VALUE,FALSE,EXCESS,50.00,FALSE,,"Mar 27, 2026","Generated from RENEWAL_PENDING policy status, Truckers Cargo Coverage Vehicle Damage Coverage selected for sample policy coverage.",44,FALSE,"Mar 27, 2026","Mar 26, 2027",TRUE,COV032,ACTIVE,POL000272
POL_ADMIN,LOC000544,AST-POL000273-01,OCCURRENCE,,550000.00,PER_OCCURRENCE,1100000.00,110000.00,275000.00,2500.00,FLAT,0.0044,550000.00,INSURED_VALUE,2420.00,2420.00,2383.70,0.00,FALSE,36.30,0.00,AGREED_VALUE,TRUE,PRIMARY,100.00,FALSE,,"Mar 30, 2026","Generated from QUOTE policy status, Building Basic Perils Covered Property Coverage selected for sample policy coverage.",50,FALSE,"Mar 30, 2026","Mar 29, 2027",TRUE,COV033,QUOTED,POL000273
POL_ADMIN,LOC000545,AST-POL000273-02,OCCURRENCE,,120000.00,AGGREGATE,120000.00,12000.00,120000.00,0.00,FRANCHISE,0.0040,119736.00,GROSS_EARNINGS,478.94,489.48,482.30,0.00,FALSE,7.18,0.00,ACTUAL_CASH_VALUE,FALSE,EXCESS,50.00,FALSE,,"Mar 30, 2026","Generated from QUOTE policy status, Building Basic Perils Income Protection Coverage selected for sample policy coverage.",61,FALSE,"Mar 30, 2026","Mar 29, 2027",TRUE,COV034,REQUESTED,POL000273
POL_ADMIN,LOC000546,AST-POL000273-03,OCCURRENCE,,1300000.00,PER_OCCURRENCE,2600000.00,195000.00,650000.00,1000.00,FLAT,0.0056,1300000.00,INSURED_VALUE,7280.00,7600.32,7491.12,0.00,FALSE,109.20,0.00,AGREED_VALUE,FALSE,UMBRELLA,25.00,FALSE,,"Mar 30, 2026","Generated from QUOTE policy status, Building Basic Perils Covered Property Coverage selected for sample policy coverage.",72,TRUE,"Mar 30, 2026","Mar 29, 2027",TRUE,COV035,QUOTED,POL000273
POL_ADMIN,LOC000547,AST-POL000274-01,OCCURRENCE,,1200000.00,PER_OCCURRENCE,2400000.00,120000.00,600000.00,1000.00,FLAT,0.0050,1200000.00,INSURED_VALUE,6000.00,6204.00,5904.00,3719.52,FALSE,300.00,0.00,REPLACEMENT_COST,TRUE,PRIMARY,100.00,FALSE,,"Apr 02, 2026","Generated from SUSPENDED policy status, Building Basic Perils Covered Property Coverage selected for sample policy coverage.",67,TRUE,"Apr 02, 2026","Aug 04, 2026",TRUE,COV035,SUSPENDED,POL000274
POL_ADMIN,LOC000548,AST-POL000275-01,OCCURRENCE,,650000.00,PER_OCCURRENCE,1300000.00,97500.00,325000.00,2500.00,FLAT,0.0056,650000.00,INSURED_VALUE,3640.00,3887.52,3996.72,3996.72,TRUE,182.00,291.20,REPLACEMENT_COST,TRUE,PRIMARY,100.00,FALSE,,"Apr 05, 2026","Generated from LAPSED policy status, Building Special Perils Covered Property Coverage selected for sample policy coverage.",84,TRUE,"Apr 05, 2026","Aug 08, 2026",FALSE,COV037,LAPSED,POL000275
POL_ADMIN,LOC000549,AST-POL000275-02,DISCOVERY,,90000.00,AGGREGATE,90000.00,18000.00,90000.00,0.00,FRANCHISE,0.0025,203962.00,GROSS_EARNINGS,509.91,555.80,571.09,571.09,TRUE,25.50,40.79,AGREED_VALUE,FALSE,EXCESS,50.00,TRUE,"Jun 24, 2026","Apr 05, 2026","Generated from LAPSED policy status, Building Special Perils Income Protection Coverage selected for sample policy coverage.",95,TRUE,"Apr 05, 2026","Aug 08, 2026",FALSE,COV038,LAPSED,POL000275
POL_ADMIN,LOC000550,AST-POL000276-01,OCCURRENCE,,900000.00,PER_OCCURRENCE,1800000.00,180000.00,450000.00,1000.00,FLAT,0.0062,900000.00,INSURED_VALUE,5580.00,5334.48,5250.78,4148.12,FALSE,83.70,0.00,REPLACEMENT_COST,TRUE,PRIMARY,100.00,TRUE,"Jun 27, 2026","Apr 08, 2026","Generated from ACTIVE policy status, Building Special Perils Covered Property Coverage selected for sample policy coverage.",28,FALSE,"Apr 08, 2026","Apr 07, 2027",TRUE,COV039,ENDORSED,POL000276
POL_ADMIN,LOC000551,AST-POL000276-02,OCCURRENCE,,250000.00,AGGREGATE,250000.00,25000.00,250000.00,0.00,FRANCHISE,0.0030,246075.00,GROSS_EARNINGS,738.23,721.98,710.91,391.00,FALSE,11.07,0.00,STATED_AMOUNT,FALSE,EXCESS,50.00,FALSE,,"Apr 08, 2026","Generated from ACTIVE policy status, Building Special Perils Income Protection Coverage selected for sample policy coverage.",39,FALSE,"Apr 08, 2026","Apr 07, 2027",TRUE,COV040,ACTIVE,POL000276
POL_ADMIN,LOC000552,AST-POL000276-03,OCCURRENCE,,550000.00,PER_OCCURRENCE,1100000.00,82500.00,275000.00,2500.00,FLAT,0.0038,550000.00,INSURED_VALUE,2090.00,2090.00,2058.65,1296.95,FALSE,31.35,0.00,REPLACEMENT_COST,FALSE,UMBRELLA,25.00,TRUE,"Jun 29, 2026","Apr 08, 2026","Generated from ACTIVE policy status, Business Contents Coverage Covered Property Coverage selected for sample policy coverage.",50,FALSE,"Apr 08, 2026","Apr 07, 2027",TRUE,COV041,ENDORSED,POL000276
POL_ADMIN,LOC000553,AST-POL000277-01,OCCURRENCE,,500000.00,PER_OCCURRENCE,1000000.00,50000.00,250000.00,2500.00,FLAT,0.0032,500000.00,INSURED_VALUE,1600.00,1584.00,1504.00,827.20,FALSE,80.00,0.00,AGREED_VALUE,TRUE,PRIMARY,100.00,FALSE,,"Apr 11, 2026","Generated from ACTIVE policy status, Business Contents Coverage Covered Property Coverage selected for sample policy coverage.",45,FALSE,"Apr 11, 2026","Apr 10, 2027",TRUE,COV041,ACTIVE,POL000277
POL_ADMIN,LOC000554,AST-POL000278-01,OCCURRENCE,,1100000.00,PER_OCCURRENCE,2200000.00,165000.00,550000.00,1000.00,FLAT,0.0038,1100000.00,INSURED_VALUE,4180.00,4280.32,4071.32,2564.93,FALSE,209.00,0.00,REPLACEMENT_COST,TRUE,PRIMARY,100.00,FALSE,,"Apr 14, 2026","Generated from ISSUED policy status, Business Contents Coverage Covered Property Coverage selected for sample policy coverage.",62,FALSE,"Apr 14, 2026","Apr 13, 2027",TRUE,COV043,ACTIVE,POL000278
POL_ADMIN,LOC000555,AST-POL000278-02,OCCURRENCE,,300000.00,AGGREGATE,300000.00,60000.00,300000.00,0.00,FRANCHISE,0.0040,330301.00,GROSS_EARNINGS,1321.20,1381.98,1315.92,934.30,FALSE,66.06,0.00,REPLACEMENT_COST,FALSE,EXCESS,50.00,FALSE,,"Apr 14, 2026","Generated from ISSUED policy status, Business Contents Coverage Income Protection Coverage selected for sample policy coverage.",73,TRUE,"Apr 14, 2026","Apr 13, 2027",TRUE,COV044,ACTIVE,POL000278
POL_ADMIN,LOC000556,AST-POL000279-01,OCCURRENCE,,600000.00,PER_OCCURRENCE,1200000.00,120000.00,300000.00,2500.00,FLAT,0.0044,600000.00,INSURED_VALUE,2640.00,2793.12,2872.32,2039.35,FALSE,132.00,211.20,REPLACEMENT_COST,TRUE,PRIMARY,100.00,FALSE,,"Apr 17, 2026","Generated from ISSUED policy status, Business Equipment Coverage Covered Property Coverage selected for sample policy coverage.",79,TRUE,"Apr 17, 2026","Apr 16, 2027",TRUE,COV045,ACTIVE,POL000279
POL_ADMIN,LOC000557,AST-POL000279-02,OCCURRENCE,,130000.00,AGGREGATE,130000.00,13000.00,130000.00,0.00,FRANCHISE,0.0045,372414.00,GROSS_EARNINGS,1675.86,1809.93,1860.21,1469.56,FALSE,83.79,134.07,AGREED_VALUE,FALSE,EXCESS,50.00,FALSE,,"Apr 17, 2026","Generated from ISSUED policy status, Business Equipment Coverage Income Protection Coverage selected for sample policy coverage.",90,TRUE,"Apr 17, 2026","Apr 16, 2027",TRUE,COV046,ACTIVE,POL000279
POL_ADMIN,LOC000558,AST-POL000279-03,OCCURRENCE,,900000.00,PER_OCCURRENCE,1800000.00,135000.00,450000.00,1000.00,FLAT,0.0056,900000.00,INSURED_VALUE,5040.00,4818.24,4566.24,2511.43,FALSE,252.00,0.00,REPLACEMENT_COST,FALSE,UMBRELLA,25.00,FALSE,,"Apr 17, 2026","Generated from ISSUED policy status, Business Equipment Coverage Covered Property Coverage selected for sample policy coverage.",28,FALSE,"Apr 17, 2026","Apr 16, 2027",TRUE,COV047,ACTIVE,POL000279
POL_ADMIN,LOC000559,AST-POL000280-01,OCCURRENCE,,1300000.00,PER_OCCURRENCE,2600000.00,130000.00,650000.00,1000.00,FLAT,0.0050,1300000.00,INSURED_VALUE,6500.00,7098.00,7520.50,5941.20,FALSE,97.50,520.00,REPLACEMENT_COST,TRUE,PRIMARY,100.00,TRUE,"Jul 13, 2026","Apr 20, 2026","Generated from RENEWAL_PENDING policy status, Business Equipment Coverage Covered Property Coverage selected for sample policy coverage.",96,TRUE,"Apr 20, 2026","Apr 19, 2027",TRUE,COV047,ENDORSED,POL000280
POL_ADMIN,LOC000560,AST-POL000281-01,OCCURRENCE,,450000.00,PER_OCCURRENCE,900000.00,67500.00,225000.00,2500.00,FLAT,0.0056,450000.00,INSURED_VALUE,2520.00,2469.60,2343.60,0.00,FALSE,126.00,0.00,AGREED_VALUE,TRUE,PRIMARY,100.00,FALSE,,"Apr 23, 2026","Generated from QUOTE policy status, Business Income Coverage Covered Property Coverage selected for sample policy coverage.",40,FALSE,"Apr 23, 2026","Apr 22, 2027",TRUE,COV049,QUOTED,POL000281
POL_ADMIN,LOC000561,AST-POL000281-02,OCCURRENCE,,100000.00,AGGREGATE,100000.00,20000.00,100000.00,0.00,FRANCHISE,0.0030,456640.00,GROSS_EARNINGS,1369.92,1372.66,1304.16,0.00,FALSE,68.50,0.00,ACTUAL_CASH_VALUE,FALSE,EXCESS,50.00,FALSE,,"Apr 23, 2026","Generated from QUOTE policy status, Business Income Coverage Income Protection Coverage selected for sample policy coverage.",51,FALSE,"Apr 23, 2026","Apr 22, 2027",TRUE,COV050,REQUESTED,POL000281
POL_ADMIN,LOC000562,AST-POL000282-01,OCCURRENCE,,1000000.00,PER_OCCURRENCE,2000000.00,200000.00,500000.00,1000.00,FLAT,0.0062,1000000.00,INSURED_VALUE,6200.00,6286.80,5976.80,298.84,FALSE,310.00,0.00,REPLACEMENT_COST,TRUE,PRIMARY,100.00,FALSE,,"Apr 26, 2026","Generated from UNDER_REVIEW policy status, Business Income Coverage Covered Property Coverage selected for sample policy coverage.",57,FALSE,"Apr 26, 2026","Apr 25, 2027",TRUE,COV051,APPROVED,POL000282
POL_ADMIN,LOC000563,AST-POL000282-02,OCCURRENCE,,275000.00,AGGREGATE,275000.00,27500.00,275000.00,0.00,FRANCHISE,0.0035,498753.00,GROSS_EARNINGS,1745.64,1808.48,1721.20,86.06,FALSE,87.28,0.00,REPLACEMENT_COST,FALSE,EXCESS,50.00,FALSE,,"Apr 26, 2026","Generated from UNDER_REVIEW policy status, Business Income Coverage Income Protection Coverage selected for sample policy coverage.",68,FALSE,"Apr 26, 2026","Apr 25, 2027",TRUE,COV052,UW_REVIEW,POL000282
POL_ADMIN,LOC000564,AST-POL000282-03,OCCURRENCE,,600000.00,PER_OCCURRENCE,1200000.00,90000.00,300000.00,2500.00,FLAT,0.0038,600000.00,INSURED_VALUE,2280.00,2412.24,2480.64,124.03,FALSE,114.00,182.40,REPLACEMENT_COST,FALSE,UMBRELLA,25.00,FALSE,,"Apr 26, 2026","Generated from UNDER_REVIEW policy status, Extra Expense Coverage Covered Property Coverage selected for sample policy coverage.",79,TRUE,"Apr 26, 2026","Apr 25, 2027",TRUE,COV053,APPROVED,POL000282
POL_ADMIN,LOC000565,AST-POL000283-01,OCCURRENCE,,550000.00,PER_OCCURRENCE,1100000.00,55000.00,275000.00,2500.00,FLAT,0.0032,550000.00,INSURED_VALUE,1760.00,1844.48,1756.48,1756.48,TRUE,88.00,0.00,REPLACEMENT_COST,TRUE,PRIMARY,100.00,FALSE,,"Apr 29, 2026","Generated from EXPIRED policy status, Extra Expense Coverage Covered Property Coverage selected for sample policy coverage.",74,TRUE,"Apr 29, 2026","Apr 28, 2027",FALSE,COV053,EXPIRED,POL000283
POL_ADMIN,LOC000566,AST-POL000284-01,OCCURRENCE,,1200000.00,PER_OCCURRENCE,2400000.00,180000.00,600000.00,1000.00,FLAT,0.0038,1200000.00,INSURED_VALUE,4560.00,4933.92,5230.32,4131.95,FALSE,68.40,364.80,REPLACEMENT_COST,TRUE,PRIMARY,100.00,TRUE,"Jul 29, 2026","May 02, 2026","Generated from ACTIVE policy status, Extra Expense Coverage Covered Property Coverage selected for sample policy coverage.",91,TRUE,"May 02, 2026","May 01, 2027",TRUE,COV055,ENDORSED,POL000284
POL_ADMIN,LOC000567,AST-POL000284-02,OCCURRENCE,,325000.00,AGGREGATE,325000.00,65000.00,325000.00,0.00,FRANCHISE,0.0045,582979.00,GROSS_EARNINGS,2623.41,2513.22,2473.87,1360.63,FALSE,39.35,0.00,STATED_AMOUNT,FALSE,EXCESS,50.00,FALSE,,"May 02, 2026","Generated from ACTIVE policy status, Extra Expense Coverage Income Protection Coverage selected for sample policy coverage.",29,FALSE,"May 02, 2026","May 01, 2027",TRUE,COV056,ACTIVE,POL000284
POL_ADMIN,LOC000568,AST-POL000285-01,OCCURRENCE,,650000.00,PER_OCCURRENCE,1300000.00,130000.00,325000.00,2500.00,FLAT,0.0044,650000.00,INSURED_VALUE,2860.00,2774.20,2631.20,1447.16,FALSE,143.00,0.00,AGREED_VALUE,TRUE,PRIMARY,100.00,FALSE,,"May 05, 2026","Generated from ACTIVE policy status, Special Form All Risk Property Covered Property Coverage selected for sample policy coverage.",35,FALSE,"May 05, 2026","May 04, 2027",TRUE,COV057,ACTIVE,POL000285
POL_ADMIN,LOC000569,AST-POL000285-02,DISCOVERY,,90000.00,AGGREGATE,90000.00,9000.00,90000.00,0.00,FRANCHISE,0.0025,625092.00,GROSS_EARNINGS,1562.73,1550.23,1472.09,927.42,FALSE,78.14,0.00,ACTUAL_CASH_VALUE,FALSE,EXCESS,50.00,TRUE,"Aug 03, 2026","May 05, 2026","Generated from ACTIVE policy status, Special Form All Risk Property Income Protection Coverage selected for sample policy coverage.",46,FALSE,"May 05, 2026","May 04, 2027",TRUE,COV058,ENDORSED,POL000285
POL_ADMIN,LOC000570,AST-POL000285-03,OCCURRENCE,,1000000.00,PER_OCCURRENCE,2000000.00,150000.00,500000.00,1000.00,FLAT,0.0056,1000000.00,INSURED_VALUE,5600.00,5678.40,5398.40,3832.86,FALSE,280.00,0.00,AGREED_VALUE,FALSE,UMBRELLA,25.00,TRUE,"Aug 04, 2026","May 05, 2026","Generated from ACTIVE policy status, Special Form All Risk Property Covered Property Coverage selected for sample policy coverage.",57,FALSE,"May 05, 2026","May 04, 2027",TRUE,COV059,ACTIVE,POL000285
POL_ADMIN,LOC000571,AST-POL000286-01,OCCURRENCE,,900000.00,PER_OCCURRENCE,1800000.00,90000.00,450000.00,1000.00,FLAT,0.0050,900000.00,INSURED_VALUE,4500.00,4518.00,4450.50,2803.82,FALSE,67.50,0.00,REPLACEMENT_COST,TRUE,PRIMARY,100.00,FALSE,,"May 08, 2026","Generated from ISSUED policy status, Special Form All Risk Property Covered Property Coverage selected for sample policy coverage.",52,FALSE,"May 08, 2026","May 07, 2027",TRUE,COV059,ACTIVE,POL000286
POL_ADMIN,LOC000572,AST-POL000287-01,OCCURRENCE,,500000.00,AGGREGATE,500000.00,75000.00,250000.00,2.00,PERCENTAGE,0.0056,500000.00,INSURED_VALUE,2800.00,2906.40,2766.40,1964.14,FALSE,140.00,0.00,REPLACEMENT_COST,TRUE,PRIMARY,100.00,TRUE,"Aug 10, 2026","May 11, 2026","Generated from ISSUED policy status, Special Form Catastrophe Extension Covered Property Coverage selected for sample policy coverage.",69,FALSE,"May 11, 2026","May 10, 2027",TRUE,COV061,ACTIVE,POL000287
POL_ADMIN,LOC000573,AST-POL000287-02,OCCURRENCE,,110000.00,AGGREGATE,110000.00,22000.00,110000.00,0.00,FRANCHISE,0.0035,709318.00,GROSS_EARNINGS,2482.61,2631.57,2706.05,2137.78,FALSE,124.13,198.61,AGREED_VALUE,FALSE,EXCESS,50.00,FALSE,,"May 11, 2026","Generated from ISSUED policy status, Special Form Catastrophe Extension Income Protection Coverage selected for sample policy coverage.",80,TRUE,"May 11, 2026","May 10, 2027",TRUE,COV062,ACTIVE,POL000287
POL_ADMIN,LOC000574,AST-POL000288-01,OCCURRENCE,,1100000.00,AGGREGATE,1100000.00,220000.00,550000.00,1.00,PERCENTAGE,0.0062,1100000.00,INSURED_VALUE,6820.00,7311.04,7754.34,6125.93,FALSE,102.30,545.60,REPLACEMENT_COST,TRUE,PRIMARY,100.00,TRUE,"Aug 14, 2026","May 14, 2026","Generated from RENEWAL_PENDING policy status, Special Form Catastrophe Extension Covered Property Coverage selected for sample policy coverage.",86,TRUE,"May 14, 2026","May 13, 2027",TRUE,COV063,ENDORSED,POL000288
POL_ADMIN,LOC000575,AST-POL000288-02,OCCURRENCE,,300000.00,AGGREGATE,300000.00,30000.00,300000.00,0.00,FRANCHISE,0.0040,751431.00,GROSS_EARNINGS,3005.72,3288.26,3483.63,1916.00,FALSE,45.09,240.46,STATED_AMOUNT,FALSE,EXCESS,50.00,FALSE,,"May 14, 2026","Generated from RENEWAL_PENDING policy status, Special Form Catastrophe Extension Income Protection Coverage selected for sample policy coverage.",97,TRUE,"May 14, 2026","May 13, 2027",TRUE,COV064,ACTIVE,POL000288
POL_ADMIN,LOC000576,AST-POL000288-03,OCCURRENCE,,650000.00,COMBINED_SINGLE_LIMIT,975000.00,97500.00,650000.00,0.00,FLAT,0.0059,420617.00,SALES,2481.64,2407.19,2369.97,1493.08,FALSE,37.22,0.00,STATED_AMOUNT,FALSE,UMBRELLA,25.00,TRUE,"Aug 16, 2026","May 14, 2026","Generated from RENEWAL_PENDING policy status, Personal Auto Liability Core Liability Coverage selected for sample policy coverage.",35,FALSE,"May 14, 2026","May 13, 2027",TRUE,COV065,ENDORSED,POL000288
POL_ADMIN,LOC000577,AST-POL000289-01,CLAIMS_MADE,"May 17, 2025",600000.00,COMBINED_SINGLE_LIMIT,900000.00,60000.00,600000.00,0.00,FLAT,0.0052,444208.00,SALES,2309.88,2217.49,2101.99,0.00,FALSE,115.49,0.00,STATED_AMOUNT,FALSE,PRIMARY,100.00,FALSE,,"May 17, 2026","Generated from QUOTE policy status, Personal Auto Liability Core Liability Coverage selected for sample policy coverage.",30,FALSE,"May 17, 2026","May 16, 2027",TRUE,COV065,QUOTED,POL000289
POL_ADMIN,LOC000578,AST-POL000290-01,OCCURRENCE,,1300000.00,COMBINED_SINGLE_LIMIT,1950000.00,195000.00,1300000.00,0.00,FLAT,0.0059,517799.00,SALES,3055.01,3036.68,2990.86,149.54,FALSE,45.83,0.00,STATED_AMOUNT,FALSE,PRIMARY,100.00,FALSE,,"May 20, 2026","Generated from UNDER_REVIEW policy status, Personal Auto Liability Core Liability Coverage selected for sample policy coverage.",47,FALSE,"May 20, 2026","May 19, 2027",TRUE,COV067,APPROVED,POL000290
POL_ADMIN,LOC000579,AST-POL000290-02,OCCURRENCE,,225000.00,PER_OCCURRENCE,450000.00,45000.00,225000.00,500.00,FLAT,470.0000,29.00,VEHICLE,13630.00,13848.08,13643.63,682.18,FALSE,204.45,0.00,ACTUAL_CASH_VALUE,FALSE,EXCESS,50.00,FALSE,,"May 20, 2026","Generated from UNDER_REVIEW policy status, Personal Auto Liability Vehicle Damage Coverage selected for sample policy coverage.",58,FALSE,"May 20, 2026","May 19, 2027",TRUE,COV068,UW_REVIEW,POL000290
POL_ADMIN,LOC000580,AST-POL000291-01,OCCURRENCE,,450000.00,COMBINED_SINGLE_LIMIT,675000.00,90000.00,450000.00,0.00,FLAT,0.0066,591390.00,SALES,3903.17,4012.46,3817.30,3817.30,TRUE,195.16,0.00,STATED_AMOUNT,FALSE,PRIMARY,100.00,FALSE,,"May 23, 2026","Generated from EXPIRED policy status, Personal Auto Physical Damage Core Liability Coverage selected for sample policy coverage.",64,FALSE,"May 23, 2026","May 22, 2027",FALSE,COV069,EXPIRED,POL000291
POL_ADMIN,LOC000581,AST-POL000291-02,OCCURRENCE,,100000.00,PER_OCCURRENCE,200000.00,10000.00,100000.00,1000.00,FLAT,525.0000,2.00,VEHICLE,1050.00,1102.50,1134.00,1134.00,TRUE,52.50,84.00,ACTUAL_CASH_VALUE,FALSE,EXCESS,50.00,FALSE,,"May 23, 2026","Generated from EXPIRED policy status, Personal Auto Physical Damage Vehicle Damage Coverage selected for sample policy coverage.",75,TRUE,"May 23, 2026","May 22, 2027",FALSE,COV070,EXPIRED,POL000291
POL_ADMIN,LOC000582,AST-POL000291-03,CLAIMS_MADE,"May 23, 2025",1100000.00,COMBINED_SINGLE_LIMIT,1650000.00,165000.00,1100000.00,0.00,FLAT,0.0080,641390.00,SALES,5131.12,5500.56,5654.49,5654.49,TRUE,256.56,410.49,STATED_AMOUNT,FALSE,UMBRELLA,25.00,FALSE,,"May 23, 2026","Generated from EXPIRED policy status, Personal Auto Physical Damage Core Liability Coverage selected for sample policy coverage.",86,TRUE,"May 23, 2026","May 22, 2027",FALSE,COV071,EXPIRED,POL000291
POL_ADMIN,LOC000583,AST-POL000292-01,OCCURRENCE,,1000000.00,COMBINED_SINGLE_LIMIT,1500000.00,100000.00,1000000.00,0.00,FLAT,0.0073,664981.00,SALES,4854.36,5155.33,5470.87,4321.98,FALSE,72.82,388.35,STATED_AMOUNT,FALSE,PRIMARY,100.00,TRUE,"Aug 30, 2026","May 26, 2026","Generated from ACTIVE policy status, Personal Auto Physical Damage Core Liability Coverage selected for sample policy coverage.",81,TRUE,"May 26, 2026","May 25, 2027",TRUE,COV071,ENDORSED,POL000292
POL_ADMIN,LOC000584,AST-POL000293-01,CLAIMS_MADE,"May 29, 2025",550000.00,COMBINED_SINGLE_LIMIT,825000.00,82500.00,550000.00,0.00,FLAT,0.0080,738572.00,SALES,5908.58,5613.15,5317.72,2924.75,FALSE,295.43,0.00,STATED_AMOUNT,FALSE,PRIMARY,100.00,FALSE,,"May 29, 2026","Generated from ACTIVE policy status, Preferred Auto Liability Core Liability Coverage selected for sample policy coverage.",25,FALSE,"May 29, 2026","May 28, 2027",TRUE,COV073,ACTIVE,POL000293
POL_ADMIN,LOC000585,AST-POL000293-02,OCCURRENCE,,120000.00,PER_OCCURRENCE,240000.00,24000.00,120000.00,1000.00,FLAT,635.0000,8.00,VEHICLE,5080.00,4937.76,4683.76,2950.77,FALSE,254.00,0.00,ACTUAL_CASH_VALUE,FALSE,EXCESS,50.00,TRUE,"Sep 04, 2026","May 29, 2026","Generated from ACTIVE policy status, Preferred Auto Liability Vehicle Damage Coverage selected for sample policy coverage.",36,FALSE,"May 29, 2026","May 28, 2027",TRUE,COV074,ENDORSED,POL000293
POL_ADMIN,LOC000586,AST-POL000294-01,OCCURRENCE,,1200000.00,COMBINED_SINGLE_LIMIT,1800000.00,240000.00,1200000.00,0.00,FLAT,0.0087,812163.00,SALES,7065.82,6952.77,6846.78,4313.47,FALSE,105.99,0.00,STATED_AMOUNT,FALSE,PRIMARY,100.00,TRUE,"Sep 07, 2026","Jun 01, 2026","Generated from ACTIVE policy status, Preferred Auto Liability Core Liability Coverage selected for sample policy coverage.",42,FALSE,"Jun 01, 2026","May 31, 2027",TRUE,COV075,ENDORSED,POL000294
POL_ADMIN,LOC000587,AST-POL000294-02,OCCURRENCE,,325000.00,PER_OCCURRENCE,650000.00,32500.00,325000.00,500.00,FLAT,690.0000,11.00,VEHICLE,7590.00,7635.54,7521.69,5340.40,FALSE,113.85,0.00,ACTUAL_CASH_VALUE,FALSE,EXCESS,50.00,FALSE,,"Jun 01, 2026","Generated from ACTIVE policy status, Preferred Auto Liability Vehicle Damage Coverage selected for sample policy coverage.",53,FALSE,"Jun 01, 2026","May 31, 2027",TRUE,COV076,ACTIVE,POL000294
POL_ADMIN,LOC000588,AST-POL000294-03,OCCURRENCE,,450000.00,COMBINED_SINGLE_LIMIT,675000.00,67500.00,450000.00,0.00,FLAT,0.0052,862163.00,SALES,4483.25,4608.78,4541.53,3587.81,FALSE,67.25,0.00,STATED_AMOUNT,FALSE,UMBRELLA,25.00,TRUE,"Sep 09, 2026","Jun 01, 2026","Generated from ACTIVE policy status, Preferred Auto Comprehensive Core Liability Coverage selected for sample policy coverage.",64,FALSE,"Jun 01, 2026","May 31, 2027",TRUE,COV077,ENDORSED,POL000294
POL_ADMIN,LOC000589,AST-POL000295-01,OCCURRENCE,,650000.00,COMBINED_SINGLE_LIMIT,975000.00,65000.00,650000.00,0.00,FLAT,0.0045,885754.00,SALES,3985.89,4057.64,3858.34,2739.42,FALSE,199.29,0.00,STATED_AMOUNT,FALSE,PRIMARY,100.00,FALSE,,"Jun 04, 2026","Generated from ISSUED policy status, Preferred Auto Comprehensive Core Liability Coverage selected for sample policy coverage.",59,FALSE,"Jun 04, 2026","Jun 03, 2027",TRUE,COV077,ACTIVE,POL000295
POL_ADMIN,LOC000590,AST-POL000296-01,OCCURRENCE,,900000.00,COMBINED_SINGLE_LIMIT,1350000.00,135000.00,900000.00,0.00,FLAT,0.0052,959345.00,SALES,4988.59,5248.00,5572.26,4402.09,FALSE,74.83,399.09,STATED_AMOUNT,FALSE,PRIMARY,100.00,TRUE,"Sep 15, 2026","Jun 07, 2026","Generated from RENEWAL_PENDING policy status, Preferred Auto Comprehensive Core Liability Coverage selected for sample policy coverage.",76,TRUE,"Jun 07, 2026","Jun 06, 2027",TRUE,COV079,ENDORSED,POL000296
POL_ADMIN,LOC000591,AST-POL000296-02,OCCURRENCE,,250000.00,PER_OCCURRENCE,500000.00,50000.00,250000.00,500.00,FLAT,360.0000,17.00,VEHICLE,6120.00,6572.88,6970.68,3833.87,FALSE,91.80,489.60,ACTUAL_CASH_VALUE,FALSE,EXCESS,50.00,FALSE,,"Jun 07, 2026","Generated from RENEWAL_PENDING policy status, Preferred Auto Comprehensive Vehicle Damage Coverage selected for sample policy coverage.",87,TRUE,"Jun 07, 2026","Jun 06, 2027",TRUE,COV080,ACTIVE,POL000296
POL_ADMIN,LOC000592,AST-POL000297-01,CLAIMS_MADE,"Jun 10, 2025",500000.00,COMBINED_SINGLE_LIMIT,750000.00,100000.00,500000.00,0.00,FLAT,0.0059,1032936.00,SALES,6094.32,6618.43,6801.26,0.00,FALSE,304.72,487.55,STATED_AMOUNT,FALSE,PRIMARY,100.00,FALSE,,"Jun 10, 2026","Generated from QUOTE policy status, Non-Standard Auto Liability Core Liability Coverage selected for sample policy coverage.",93,TRUE,"Jun 10, 2026","Jun 09, 2027",TRUE,COV081,QUOTED,POL000297
POL_ADMIN,LOC000593,AST-POL000297-02,OCCURRENCE,,110000.00,PER_OCCURRENCE,220000.00,11000.00,110000.00,1000.00,FLAT,415.0000,20.00,VEHICLE,8300.00,7984.60,7569.60,0.00,FALSE,415.00,0.00,ACTUAL_CASH_VALUE,FALSE,EXCESS,50.00,TRUE,"Sep 20, 2026","Jun 10, 2026","Generated from QUOTE policy status, Non-Standard Auto Liability Vehicle Damage Coverage selected for sample policy coverage.",31,FALSE,"Jun 10, 2026","Jun 09, 2027",TRUE,COV082,REQUESTED,POL000297
POL_ADMIN,LOC000594,AST-POL000297-03,OCCURRENCE,,1200000.00,COMBINED_SINGLE_LIMIT,1800000.00,180000.00,1200000.00,0.00,FLAT,0.0073,1082936.00,SALES,7905.43,7778.95,7383.67,0.00,FALSE,395.27,0.00,STATED_AMOUNT,FALSE,UMBRELLA,25.00,FALSE,,"Jun 10, 2026","Generated from QUOTE policy status, Non-Standard Auto Liability Core Liability Coverage selected for sample policy coverage.",42,FALSE,"Jun 10, 2026","Jun 09, 2027",TRUE,COV083,QUOTED,POL000297
POL_ADMIN,LOC000595,AST-POL000298-01,OCCURRENCE,,1100000.00,COMBINED_SINGLE_LIMIT,1650000.00,110000.00,1100000.00,0.00,FLAT,0.0066,1106527.00,SALES,7303.08,7113.20,6748.04,337.40,FALSE,365.15,0.00,STATED_AMOUNT,FALSE,PRIMARY,100.00,TRUE,"Sep 23, 2026","Jun 13, 2026","Generated from UNDER_REVIEW policy status, Non-Standard Auto Liability Core Liability Coverage selected for sample policy coverage.",37,FALSE,"Jun 13, 2026","Jun 12, 2027",TRUE,COV083,APPROVED,POL000298
POL_ADMIN,LOC000596,AST-POL000299-01,OCCURRENCE,,600000.00,COMBINED_SINGLE_LIMIT,900000.00,90000.00,600000.00,0.00,FLAT,0.0073,1180118.00,SALES,8614.86,8683.78,8253.04,8253.04,TRUE,430.74,0.00,STATED_AMOUNT,FALSE,PRIMARY,100.00,FALSE,,"Jun 16, 2026","Generated from EXPIRED policy status, Non-Standard Financial Responsibility Filing Core Liability Coverage selected for sample policy coverage.",54,FALSE,"Jun 16, 2026","Jun 15, 2027",FALSE,COV085,EXPIRED,POL000299
POL_ADMIN,LOC000597,AST-POL000299-02,OCCURRENCE,,130000.00,PER_OCCURRENCE,260000.00,26000.00,130000.00,1000.00,FLAT,525.0000,26.00,VEHICLE,13650.00,14059.50,13377.00,13377.00,TRUE,682.50,0.00,ACTUAL_CASH_VALUE,FALSE,EXCESS,50.00,FALSE,,"Jun 16, 2026","Generated from EXPIRED policy status, Non-Standard Financial Responsibility Filing Vehicle Damage Coverage selected for sample policy coverage.",65,FALSE,"Jun 16, 2026","Jun 15, 2027",FALSE,COV086,EXPIRED,POL000299
POL_ADMIN,LOC000598,AST-POL000300-01,OCCURRENCE,,1300000.00,COMBINED_SINGLE_LIMIT,1950000.00,260000.00,1300000.00,0.00,FLAT,0.0080,1253709.00,SALES,10029.67,10450.92,10300.47,8137.37,FALSE,150.45,0.00,STATED_AMOUNT,FALSE,PRIMARY,100.00,TRUE,"Oct 01, 2026","Jun 19, 2026","Generated from ACTIVE policy status, Non-Standard Financial Responsibility Filing Core Liability Coverage selected for sample policy coverage.",71,FALSE,"Jun 19, 2026","Jun 18, 2027",TRUE,COV087,ENDORSED,POL000300
POL_ADMIN,LOC000599,AST-POL000300-02,OCCURRENCE,,225000.00,PER_OCCURRENCE,450000.00,22500.00,225000.00,500.00,FLAT,580.0000,29.00,VEHICLE,16820.00,17896.48,18989.78,10444.38,FALSE,252.30,1345.60,ACTUAL_CASH_VALUE,FALSE,EXCESS,50.00,FALSE,,"Jun 19, 2026","Generated from ACTIVE policy status, Non-Standard Financial Responsibility Filing Vehicle Damage Coverage selected for sample policy coverage.",82,TRUE,"Jun 19, 2026","Jun 18, 2027",TRUE,COV088,ACTIVE,POL000300
POL_ADMIN,LOC000600,AST-POL000300-03,OCCURRENCE,,500000.00,COMBINED_SINGLE_LIMIT,750000.00,75000.00,500000.00,0.00,FLAT,0.0045,1303709.00,SALES,5866.69,6371.23,6752.56,4254.11,FALSE,88.00,469.34,STATED_AMOUNT,FALSE,UMBRELLA,25.00,TRUE,"Oct 03, 2026","Jun 19, 2026","Generated from ACTIVE policy status, Multi-Vehicle Liability Core Liability Coverage selected for sample policy coverage.",93,TRUE,"Jun 19, 2026","Jun 18, 2027",TRUE,COV089,ENDORSED,POL000300
POL_ADMIN,LOC000601,AST-POL000301-01,OCCURRENCE,,1000000.00,COMBINED_SINGLE_LIMIT,1500000.00,200000.00,1000000.00,0.00,FLAT,0.0052,1974961.00,SALES,10269.80,10557.35,10403.30,5721.82,FALSE,154.05,0.00,STATED_AMOUNT,FALSE,PRIMARY,100.00,FALSE,,"Aug 04, 2025",Duplicate asset scenario: active replacement policy for asset previously on EXPIRED policy POL000072.,64,FALSE,"Aug 04, 2025","Aug 03, 2026",TRUE,COV015,ACTIVE,POL000301
POL_ADMIN,LOC000602,AST-POL000302-01,CLAIMS_MADE,"Feb 15, 2024",500000.00,COMBINED_SINGLE_LIMIT,750000.00,75000.00,500000.00,0.00,FLAT,0.0066,1508376.00,SALES,9955.28,10433.14,9935.37,5464.45,FALSE,497.76,0.00,STATED_AMOUNT,FALSE,PRIMARY,100.00,FALSE,,"Feb 15, 2026",Duplicate asset scenario: active replacement policy for asset previously on EXPIRED policy POL000137.,74,TRUE,"Feb 15, 2026","Feb 14, 2027",TRUE,COV017,ACTIVE,POL000302
POL_ADMIN,LOC000603,AST-POL000303-01,OCCURRENCE,,900000.00,COMBINED_SINGLE_LIMIT,1350000.00,90000.00,900000.00,0.00,FLAT,0.0052,1057975.00,SALES,5501.47,5545.48,5270.41,2898.73,FALSE,275.07,0.00,STATED_AMOUNT,FALSE,PRIMARY,100.00,FALSE,,"Nov 09, 2026",Duplicate asset scenario: active replacement policy for asset previously on EXPIRED policy POL000226.,54,FALSE,"Nov 09, 2026","Nov 08, 2027",TRUE,COV067,ACTIVE,POL000303
POL_ADMIN,LOC000604,AST-POL000304-01,OCCURRENCE,,450000.00,COMBINED_SINGLE_LIMIT,675000.00,90000.00,450000.00,0.00,FLAT,0.0066,591390.00,SALES,3903.17,4012.46,3817.30,2099.52,FALSE,195.16,0.00,STATED_AMOUNT,FALSE,PRIMARY,100.00,FALSE,,"May 23, 2027",Duplicate asset scenario: active replacement policy for asset previously on EXPIRED policy POL000291.,64,FALSE,"May 23, 2027","May 22, 2028",TRUE,COV069,ACTIVE,POL000304
POL_ADMIN,LOC000605,AST-POL000305-01,OCCURRENCE,,600000.00,COMBINED_SINGLE_LIMIT,900000.00,90000.00,600000.00,0.00,FLAT,0.0073,1180118.00,SALES,8614.86,8683.78,8253.04,4539.17,FALSE,430.74,0.00,STATED_AMOUNT,FALSE,PRIMARY,100.00,FALSE,,"Jun 16, 2027",Duplicate asset scenario: active replacement policy for asset previously on EXPIRED policy POL000299.,54,FALSE,"Jun 16, 2027","Jun 15, 2028",TRUE,COV085,ACTIVE,POL000305
POL_ADMIN,LOC000606,AST-POL000306-01,OCCURRENCE,,1300000.00,COMBINED_SINGLE_LIMIT,1950000.00,130000.00,1300000.00,0.00,FLAT,0.0073,1370049.00,SALES,10001.36,9621.31,9471.29,5209.21,FALSE,150.02,0.00,STATED_AMOUNT,FALSE,PRIMARY,100.00,FALSE,,"Apr 30, 2025",Duplicate asset scenario: active replacement policy for asset previously on LAPSED policy POL000040.,31,TRUE,"Apr 30, 2025","Apr 29, 2026",TRUE,COV079,ACTIVE,POL000306
POL_ADMIN,LOC000607,AST-POL000307-01,OCCURRENCE,,1100000.00,COMBINED_SINGLE_LIMIT,1650000.00,220000.00,1100000.00,0.00,FLAT,0.008,1958777.00,SALES,15670.22,17049.20,18067.76,9937.27,FALSE,235.05,1253.62,STATED_AMOUNT,FALSE,PRIMARY,100.00,FALSE,,"May 24, 2025",Duplicate asset scenario: active replacement policy for asset previously on LAPSED policy POL000048.,94,TRUE,"May 24, 2025","May 23, 2026",TRUE,COV095,ACTIVE,POL000307
POL_ADMIN,LOC000608,AST-POL000308-01,CLAIMS_MADE,"Jan 22, 2024",600000.00,COMBINED_SINGLE_LIMIT,900000.00,120000.00,600000.00,0.00,FLAT,0.0059,919648.00,SALES,5425.92,5794.89,6147.57,3381.16,FALSE,81.39,434.07,STATED_AMOUNT,FALSE,PRIMARY,100.00,FALSE,,"Jan 22, 2026",Duplicate asset scenario: active replacement policy for asset previously on LAPSED policy POL000129.,84,TRUE,"Jan 22, 2026","Jan 21, 2027",TRUE,COV001,ACTIVE,POL000308
POL_ADMIN,LOC000609,AST-POL000309-01,OCCURRENCE,,1200000.00,COMBINED_SINGLE_LIMIT,1800000.00,180000.00,1200000.00,0.00,FLAT,0.0073,453063.00,SALES,3307.36,3598.41,3697.63,2033.70,FALSE,165.37,264.59,STATED_AMOUNT,FALSE,PRIMARY,100.00,FALSE,,"Aug 05, 2026",Duplicate asset scenario: active replacement policy for asset previously on LAPSED policy POL000194.,94,TRUE,"Aug 05, 2026","Aug 04, 2027",TRUE,COV003,ACTIVE,POL000309
POL_ADMIN,LOC000610,AST-POL000310-01,OCCURRENCE,,1000000.00,COMBINED_SINGLE_LIMIT,1500000.00,100000.00,1000000.00,0.00,FLAT,0.008,1041791.00,SALES,8334.33,8901.06,9442.79,5193.53,FALSE,125.01,666.75,STATED_AMOUNT,FALSE,PRIMARY,100.00,FALSE,,"Aug 29, 2026",Duplicate asset scenario: active replacement policy for asset previously on LAPSED policy POL000202.,84,TRUE,"Aug 29, 2026","Aug 28, 2027",TRUE,COV019,ACTIVE,POL000310
POL_ADMIN,LOC000611,AST-POL000311-01,OCCURRENCE,,500000.00,COMBINED_SINGLE_LIMIT,750000.00,100000.00,500000.00,0.00,FLAT,0.0045,575206.00,SALES,2588.43,2816.21,2984.46,1641.45,FALSE,38.83,207.07,STATED_AMOUNT,FALSE,PRIMARY,100.00,FALSE,,"Mar 12, 2027",Duplicate asset scenario: active replacement policy for asset previously on LAPSED policy POL000267.,94,TRUE,"Mar 12, 2027","Mar 11, 2028",TRUE,COV021,ACTIVE,POL000311
POL_ADMIN,LOC000612,AST-POL000312-01,OCCURRENCE,,500000.00,COMBINED_SINGLE_LIMIT,750000.00,50000.00,500000.00,0.00,FLAT,0.0087,691546.00,SALES,6016.45,6064.58,5763.76,3170.07,FALSE,300.82,0.00,STATED_AMOUNT,FALSE,PRIMARY,100.00,FALSE,,"Jan 22, 2025",Duplicate asset scenario: active replacement policy for asset previously on CANCELLED policy POL000007.,54,FALSE,"Jan 22, 2025","Jan 21, 2026",TRUE,COV013,ACTIVE,POL000312
POL_ADMIN,LOC000613,AST-POL000313-01,OCCURRENCE,,650000.00,COMBINED_SINGLE_LIMIT,975000.00,130000.00,650000.00,0.00,FLAT,0.0045,1280274.00,SALES,5761.23,5692.10,5605.68,3083.12,FALSE,86.42,0.00,STATED_AMOUNT,FALSE,PRIMARY,100.00,FALSE,,"Feb 15, 2025",Duplicate asset scenario: active replacement policy for asset previously on CANCELLED policy POL000015.,44,FALSE,"Feb 15, 2025","Feb 14, 2026",TRUE,COV029,ACTIVE,POL000313
POL_ADMIN,LOC000614,AST-POL000314-01,OCCURRENCE,,1300000.00,COMBINED_SINGLE_LIMIT,1950000.00,195000.00,1300000.00,0.00,FLAT,0.0059,813689.00,SALES,4800.77,4839.17,4767.16,2621.94,FALSE,72.01,0.00,STATED_AMOUNT,FALSE,PRIMARY,100.00,FALSE,,"Aug 28, 2025",Duplicate asset scenario: active replacement policy for asset previously on CANCELLED policy POL000080.,54,FALSE,"Aug 28, 2025","Aug 27, 2026",TRUE,COV031,ACTIVE,POL000314
POL_ADMIN,LOC000615,AST-POL000315-01,OCCURRENCE,,550000.00,COMBINED_SINGLE_LIMIT,825000.00,82500.00,550000.00,0.00,FLAT,0.0087,291145.00,SALES,2532.96,2563.36,2525.36,1388.95,FALSE,37.99,0.00,STATED_AMOUNT,FALSE,UMBRELLA,25.00,FALSE,,"Oct 15, 2025",Duplicate asset scenario: active replacement policy for asset previously on CANCELLED policy POL000096.,56,FALSE,"Oct 15, 2025","Oct 14, 2026",TRUE,COV065,ACTIVE,POL000315
POL_ADMIN,LOC000616,AST-POL000316-01,OCCURRENCE,,1200000.00,COMBINED_SINGLE_LIMIT,1800000.00,180000.00,1200000.00,0.00,FLAT,0.008,829873.00,SALES,6638.98,7263.05,7694.58,4232.02,FALSE,99.58,531.12,STATED_AMOUNT,FALSE,PRIMARY,100.00,FALSE,,"Nov 08, 2025",Duplicate asset scenario: active replacement policy for asset previously on CANCELLED policy POL000104.,97,TRUE,"Nov 08, 2025","Nov 07, 2026",TRUE,COV079,ACTIVE,POL000316
POL_ADMIN,LOC000617,AST-POL000317-01,CLAIMS_MADE,"Apr 28, 2024",450000.00,COMBINED_SINGLE_LIMIT,675000.00,67500.00,450000.00,0.00,FLAT,0.0087,1524560.00,SALES,13263.67,13104.51,12905.55,7098.05,FALSE,198.96,0.00,STATED_AMOUNT,FALSE,PRIMARY,100.00,FALSE,,"Apr 28, 2026",Duplicate asset scenario: active replacement policy for asset previously on CANCELLED policy POL000161.,44,FALSE,"Apr 28, 2026","Apr 27, 2027",TRUE,COV065,ACTIVE,POL000317
POL_ADMIN,LOC000618,AST-POL000318-01,CLAIMS_MADE,"May 22, 2024",600000.00,COMBINED_SINGLE_LIMIT,900000.00,60000.00,600000.00,0.00,FLAT,0.0045,363288.00,SALES,1634.80,1582.48,1500.74,825.41,FALSE,81.74,0.00,STATED_AMOUNT,FALSE,PRIMARY,100.00,FALSE,,"May 22, 2026",Duplicate asset scenario: active replacement policy for asset previously on CANCELLED policy POL000169.,34,FALSE,"May 22, 2026","May 21, 2027",TRUE,COV081,ACTIVE,POL000318
POL_ADMIN,LOC000619,AST-POL000319-01,OCCURRENCE,,1200000.00,COMBINED_SINGLE_LIMIT,1800000.00,240000.00,1200000.00,0.00,FLAT,0.0059,1646703.00,SALES,9715.55,9598.96,9113.18,5012.25,FALSE,485.78,0.00,STATED_AMOUNT,FALSE,PRIMARY,100.00,FALSE,,"Dec 03, 2026",Duplicate asset scenario: active replacement policy for asset previously on CANCELLED policy POL000234.,44,FALSE,"Dec 03, 2026","Dec 02, 2027",TRUE,COV083,ACTIVE,POL000319
POL_ADMIN,LOC000620,AST-POL000320-01,CLAIMS_MADE,"Nov 11, 2023",650000.00,COMBINED_SINGLE_LIMIT,975000.00,130000.00,650000.00,0.00,FLAT,0.0087,903464.00,SALES,7860.14,7718.65,7325.65,4029.11,FALSE,393.01,0.00,STATED_AMOUNT,FALSE,PRIMARY,100.00,FALSE,,"Nov 11, 2025",Duplicate asset scenario: active replacement policy for asset previously on NON_RENEWED policy POL000105.,41,FALSE,"Nov 11, 2025","Nov 10, 2026",TRUE,COV081,ACTIVE,POL000320
POL_ADMIN,LOC000621,AST-POL000321-01,OCCURRENCE,,600000.00,COMBINED_SINGLE_LIMIT,900000.00,60000.00,600000.00,0.00,FLAT,0.0087,1736478.00,SALES,15107.36,14533.28,14306.67,7868.67,FALSE,226.61,0.00,STATED_AMOUNT,FALSE,PRIMARY,100.00,FALSE,,"Feb 16, 2027",Duplicate asset scenario: active replacement policy for asset previously on NON_RENEWED policy POL000259.,31,FALSE,"Feb 16, 2027","Feb 15, 2028",TRUE,COV005,ACTIVE,POL000321
POL_ADMIN,LOC000622,AST-POL000322-01,OCCURRENCE,,600000.00,COMBINED_SINGLE_LIMIT,900000.00,120000.00,600000.00,0.00,FLAT,0.0066,1296458.00,SALES,8556.62,9189.81,9745.99,5360.29,FALSE,128.35,684.53,STATED_AMOUNT,FALSE,PRIMARY,100.00,FALSE,,"Apr 27, 2025",Duplicate asset scenario: active replacement policy for asset previously on SUSPENDED policy POL000039.,87,TRUE,"Apr 27, 2025","Apr 26, 2026",TRUE,COV077,ACTIVE,POL000322
POL_ADMIN,LOC000623,AST-POL000323-01,OCCURRENCE,,500000.00,COMBINED_SINGLE_LIMIT,750000.00,75000.00,500000.00,0.00,FLAT,0.0073,1885186.00,SALES,13761.86,14505.00,15399.52,8469.74,FALSE,206.43,1100.95,STATED_AMOUNT,FALSE,PRIMARY,100.00,FALSE,,"May 21, 2025",Duplicate asset scenario: active replacement policy for asset previously on SUSPENDED policy POL000047.,77,TRUE,"May 21, 2025","May 20, 2026",TRUE,COV093,ACTIVE,POL000323
POL_ADMIN,LOC000624,AST-POL000324-01,OCCURRENCE,,1000000.00,COMBINED_SINGLE_LIMIT,1500000.00,100000.00,1000000.00,0.00,FLAT,0.0087,1418601.00,SALES,12341.83,13255.12,14057.34,7731.54,FALSE,185.13,987.35,STATED_AMOUNT,FALSE,PRIMARY,100.00,FALSE,,"Dec 02, 2025",Duplicate asset scenario: active replacement policy for asset previously on SUSPENDED policy POL000112.,87,TRUE,"Dec 02, 2025","Dec 01, 2026",TRUE,COV095,ACTIVE,POL000324
POL_ADMIN,LOC000625,AST-POL000325-01,CLAIMS_MADE,"Aug 02, 2024",550000.00,COMBINED_SINGLE_LIMIT,825000.00,55000.00,550000.00,0.00,FLAT,0.0066,379472.00,SALES,2504.52,2639.76,2714.89,1493.19,FALSE,125.23,200.36,STATED_AMOUNT,FALSE,PRIMARY,100.00,FALSE,,"Aug 02, 2026",Duplicate asset scenario: active replacement policy for asset previously on SUSPENDED policy POL000193.,77,TRUE,"Aug 02, 2026","Aug 01, 2027",TRUE,COV001,ACTIVE,POL000325
POL_ADMIN,LOC000626,AST-POL000326-01,CLAIMS_MADE,"Aug 26, 2024",450000.00,COMBINED_SINGLE_LIMIT,675000.00,90000.00,450000.00,0.00,FLAT,0.0073,968200.00,SALES,7067.86,7308.17,6954.77,3825.12,FALSE,353.39,0.00,STATED_AMOUNT,FALSE,PRIMARY,100.00,FALSE,,"Aug 26, 2026",Duplicate asset scenario: active replacement policy for asset previously on SUSPENDED policy POL000201.,67,TRUE,"Aug 26, 2026","Aug 25, 2027",TRUE,COV017,ACTIVE,POL000326
POL_ADMIN,LOC000627,AST-POL000327-01,OCCURRENCE,,1100000.00,COMBINED_SINGLE_LIMIT,1650000.00,220000.00,1100000.00,0.00,FLAT,0.008,1662887.00,SALES,13303.10,14287.53,14686.62,8077.64,FALSE,665.15,1064.25,STATED_AMOUNT,FALSE,PRIMARY,100.00,FALSE,,"Feb 13, 2027",Duplicate asset scenario: active replacement policy for asset previously on SUSPENDED policy POL000258.,87,TRUE,"Feb 13, 2027","Feb 12, 2028",TRUE,COV003,ACTIVE,POL000327
POL_ADMIN,LOC000628,AST-POL000328-01,OCCURRENCE,,900000.00,COMBINED_SINGLE_LIMIT,1350000.00,135000.00,900000.00,0.00,FLAT,0.0087,501615.00,SALES,4364.05,4599.71,4730.63,2601.85,FALSE,218.20,349.12,STATED_AMOUNT,FALSE,PRIMARY,100.00,FALSE,,"Mar 09, 2027",Duplicate asset scenario: active replacement policy for asset previously on SUSPENDED policy POL000266.,77,TRUE,"Mar 09, 2027","Mar 08, 2028",TRUE,COV019,ACTIVE,POL000328
POL_ADMIN,LOC000629,AST-POL000329-01,OCCURRENCE,,1100000.00,COMBINED_SINGLE_LIMIT,1650000.00,165000.00,1100000.00,0.00,FLAT,0.0059,1222867.00,SALES,7214.92,7503.51,7142.77,3928.52,FALSE,360.75,0.00,STATED_AMOUNT,FALSE,PRIMARY,100.00,FALSE,,"Apr 24, 2025",Duplicate asset scenario: active replacement policy for asset previously on QUOTE policy POL000038.,70,FALSE,"Apr 24, 2025","Apr 23, 2026",TRUE,COV075,ACTIVE,POL000329
POL_ADMIN,LOC000630,AST-POL000330-01,OCCURRENCE,,900000.00,COMBINED_SINGLE_LIMIT,1350000.00,90000.00,900000.00,0.00,FLAT,0.0066,1811595.00,SALES,11956.53,12195.66,11597.83,6378.81,FALSE,597.83,0.00,STATED_AMOUNT,FALSE,PRIMARY,100.00,FALSE,,"May 18, 2025",Duplicate asset scenario: active replacement policy for asset previously on QUOTE policy POL000046.,60,FALSE,"May 18, 2025","May 17, 2026",TRUE,COV091,ACTIVE,POL000330
POL_ADMIN,LOC000631,AST-POL000331-01,OCCURRENCE,,450000.00,PER_OCCURRENCE,900000.00,67500.00,225000.00,1.00,PERCENTAGE,0.0032,450000.00,DWELLING_VALUE,1440.00,1537.92,1631.52,897.34,FALSE,21.60,115.20,REPLACEMENT_COST,TRUE,PRIMARY,100.00,FALSE,,"Jun 17, 2025",Duplicate asset scenario: active replacement policy for asset previously on EXPIRED policy POL000056.,84,TRUE,"Jun 17, 2025","Jun 16, 2026",TRUE,COV111,ACTIVE,POL000331
POL_ADMIN,LOC000632,AST-POL000332-01,OCCURRENCE,,600000.00,PER_OCCURRENCE,1200000.00,60000.00,300000.00,500.00,FLAT,0.004,600000.00,DWELLING_VALUE,2400.00,2515.20,2479.20,1363.56,FALSE,36.00,0.00,REPLACEMENT_COST,TRUE,PRIMARY,100.00,FALSE,,"Jul 11, 2025",Duplicate asset scenario: active replacement policy for asset previously on EXPIRED policy POL000064.,74,TRUE,"Jul 11, 2025","Jul 10, 2026",TRUE,COV127,ACTIVE,POL000332
POL_ADMIN,LOC000633,AST-POL000333-01,OCCURRENCE,,390000.00,PER_OCCURRENCE,780000.00,58500.00,195000.00,1000.00,FLAT,0.0032,390000.00,DWELLING_VALUE,1248.00,1230.53,1211.81,666.50,FALSE,18.72,0.00,REPLACEMENT_COST,FALSE,UMBRELLA,25.00,FALSE,,"May 24, 2025",Duplicate asset scenario: active replacement policy for asset previously on LAPSED policy POL000048.,43,TRUE,"May 24, 2025","May 23, 2026",TRUE,COV097,ACTIVE,POL000333
POL_ADMIN,LOC000634,AST-POL000334-01,OCCURRENCE,,330000.00,PER_OCCURRENCE,660000.00,49500.00,165000.00,1000.00,FLAT,0.0044,330000.00,DWELLING_VALUE,1452.00,1396.82,1324.22,728.32,FALSE,72.60,0.00,AGREED_VALUE,TRUE,PRIMARY,100.00,FALSE,,"Dec 05, 2025",Duplicate asset scenario: active replacement policy for asset previously on LAPSED policy POL000113.,31,TRUE,"Dec 05, 2025","Dec 04, 2026",TRUE,COV097,ACTIVE,POL000334
POL_ADMIN,LOC000635,AST-POL000335-01,OCCURRENCE,,270000.00,PER_OCCURRENCE,540000.00,27000.00,135000.00,1000.00,FLAT,0.0028,270000.00,DWELLING_VALUE,756.00,822.53,871.67,479.42,FALSE,11.34,60.48,AGREED_VALUE,TRUE,PRIMARY,100.00,FALSE,,"Dec 29, 2025",Duplicate asset scenario: active replacement policy for asset previously on LAPSED policy POL000121.,94,TRUE,"Dec 29, 2025","Dec 28, 2026",TRUE,COV113,ACTIVE,POL000335
POL_ADMIN,LOC000636,AST-POL000336-01,OCCURRENCE,,450000.00,PER_OCCURRENCE,900000.00,90000.00,225000.00,500.00,FLAT,0.0048,450000.00,DWELLING_VALUE,2160.00,2077.92,2045.52,1125.04,FALSE,32.40,0.00,REPLACEMENT_COST,TRUE,PRIMARY,100.00,FALSE,,"Jul 12, 2026",Duplicate asset scenario: active replacement policy for asset previously on LAPSED policy POL000186.,31,TRUE,"Jul 12, 2026","Jul 11, 2027",TRUE,COV115,ACTIVE,POL000336
POL_ADMIN,LOC000637,AST-POL000337-01,OCCURRENCE,,300000.00,PER_OCCURRENCE,600000.00,60000.00,150000.00,1000.00,FLAT,0.0036,300000.00,DWELLING_VALUE,1080.00,1181.52,1213.92,667.66,FALSE,54.00,86.40,AGREED_VALUE,TRUE,PRIMARY,100.00,FALSE,,"Jun 15, 2026",Duplicate asset scenario: active replacement policy for asset previously on CANCELLED policy POL000177.,97,TRUE,"Jun 15, 2026","Jun 14, 2027",TRUE,COV097,ACTIVE,POL000337
POL_ADMIN,LOC000638,AST-POL000338-01,OCCURRENCE,,500000.00,PER_OCCURRENCE,1000000.00,75000.00,250000.00,500.00,FLAT,0.0032,500000.00,DWELLING_VALUE,1600.00,1548.80,1468.80,807.84,FALSE,80.00,0.00,REPLACEMENT_COST,TRUE,PRIMARY,100.00,FALSE,,"Dec 27, 2026",Duplicate asset scenario: active replacement policy for asset previously on CANCELLED policy POL000242.,34,FALSE,"Dec 27, 2026","Dec 26, 2027",TRUE,COV099,ACTIVE,POL000338
POL_ADMIN,LOC000639,AST-POL000339-01,OCCURRENCE,,650000.00,PER_OCCURRENCE,1300000.00,65000.00,325000.00,500.00,FLAT,0.004,650000.00,DWELLING_VALUE,2600.00,2844.40,2922.40,1607.32,FALSE,130.00,208.00,REPLACEMENT_COST,TRUE,PRIMARY,100.00,FALSE,,"Jan 20, 2027",Duplicate asset scenario: active replacement policy for asset previously on CANCELLED policy POL000250.,97,TRUE,"Jan 20, 2027","Jan 19, 2028",TRUE,COV115,ACTIVE,POL000339
POL_ADMIN,LOC000640,AST-POL000340-01,OCCURRENCE,,550000.00,PER_OCCURRENCE,1100000.00,55000.00,275000.00,500.00,FLAT,0.004,550000.00,DWELLING_VALUE,2200.00,2160.40,2127.40,1170.07,FALSE,33.00,0.00,REPLACEMENT_COST,TRUE,PRIMARY,100.00,FALSE,,"Jun 18, 2026",Duplicate asset scenario: active replacement policy for asset previously on NON_RENEWED policy POL000178.,41,FALSE,"Jun 18, 2026","Jun 17, 2027",TRUE,COV099,ACTIVE,POL000340
